row_id,site,audio_id,seconds,birds,train
7019_COR_5,COR,7019,5,0,1
7019_COR_10,COR,7019,10,0,1
7019_COR_15,COR,7019,15,0,1
7019_COR_20,COR,7019,20,0,1
7019_COR_25,COR,7019,25,0,0
7019_COR_30,COR,7019,30,0,1
7019_COR_35,COR,7019,35,0,1
7019_COR_40,COR,7019,40,0,1
7019_COR_45,COR,7019,45,0,1
7019_COR_50,COR,7019,50,0,1
7019_COR_55,COR,7019,55,0,1
7019_COR_60,COR,7019,60,0,1
7019_COR_65,COR,7019,65,0,1
7019_COR_70,COR,7019,70,0,1
7019_COR_75,COR,7019,75,0,1
7019_COR_80,COR,7019,80,0,1
7019_COR_85,COR,7019,85,0,1
7019_COR_90,COR,7019,90,0,1
7019_COR_95,COR,7019,95,0,1
7019_COR_100,COR,7019,100,0,1
7019_COR_105,COR,7019,105,0,1
7019_COR_110,COR,7019,110,0,1
7019_COR_115,COR,7019,115,0,1
7019_COR_120,COR,7019,120,0,0
7019_COR_125,COR,7019,125,0,1
7019_COR_130,COR,7019,130,0,0
7019_COR_135,COR,7019,135,0,0
7019_COR_140,COR,7019,140,0,1
7019_COR_145,COR,7019,145,0,1
7019_COR_150,COR,7019,150,0,1
7019_COR_155,COR,7019,155,0,0
7019_COR_160,COR,7019,160,0,1
7019_COR_165,COR,7019,165,0,1
7019_COR_170,COR,7019,170,0,1
7019_COR_175,COR,7019,175,0,1
7019_COR_180,COR,7019,180,0,1
7019_COR_185,COR,7019,185,0,0
7019_COR_190,COR,7019,190,0,0
7019_COR_195,COR,7019,195,0,1
7019_COR_200,COR,7019,200,0,0
7019_COR_205,COR,7019,205,0,1
7019_COR_210,COR,7019,210,0,0
7019_COR_215,COR,7019,215,0,1
7019_COR_220,COR,7019,220,0,1
7019_COR_225,COR,7019,225,0,1
7019_COR_230,COR,7019,230,0,1
7019_COR_235,COR,7019,235,0,1
7019_COR_240,COR,7019,240,0,1
7019_COR_245,COR,7019,245,0,1
7019_COR_250,COR,7019,250,0,1
7019_COR_255,COR,7019,255,0,0
7019_COR_260,COR,7019,260,0,1
7019_COR_265,COR,7019,265,0,1
7019_COR_270,COR,7019,270,0,1
7019_COR_275,COR,7019,275,0,0
7019_COR_280,COR,7019,280,0,1
7019_COR_285,COR,7019,285,0,1
7019_COR_290,COR,7019,290,0,1
7019_COR_295,COR,7019,295,0,1
7019_COR_300,COR,7019,300,0,1
7019_COR_305,COR,7019,305,0,1
7019_COR_310,COR,7019,310,0,1
7019_COR_315,COR,7019,315,0,1
7019_COR_320,COR,7019,320,0,1
7019_COR_325,COR,7019,325,0,1
7019_COR_330,COR,7019,330,0,1
7019_COR_335,COR,7019,335,0,1
7019_COR_340,COR,7019,340,0,1
7019_COR_345,COR,7019,345,0,1
7019_COR_350,COR,7019,350,0,0
7019_COR_355,COR,7019,355,0,0
7019_COR_360,COR,7019,360,0,1
7019_COR_365,COR,7019,365,0,1
7019_COR_370,COR,7019,370,0,0
7019_COR_375,COR,7019,375,0,1
7019_COR_380,COR,7019,380,0,1
7019_COR_385,COR,7019,385,0,1
7019_COR_390,COR,7019,390,0,1
7019_COR_395,COR,7019,395,0,1
7019_COR_400,COR,7019,400,0,0
7019_COR_405,COR,7019,405,0,1
7019_COR_410,COR,7019,410,0,1
7019_COR_415,COR,7019,415,0,1
7019_COR_420,COR,7019,420,0,1
7019_COR_425,COR,7019,425,0,0
7019_COR_430,COR,7019,430,0,1
7019_COR_435,COR,7019,435,0,1
7019_COR_440,COR,7019,440,0,1
7019_COR_445,COR,7019,445,0,1
7019_COR_450,COR,7019,450,0,1
7019_COR_455,COR,7019,455,0,1
7019_COR_460,COR,7019,460,0,1
7019_COR_465,COR,7019,465,0,1
7019_COR_470,COR,7019,470,0,1
7019_COR_475,COR,7019,475,0,1
7019_COR_480,COR,7019,480,0,1
7019_COR_485,COR,7019,485,0,1
7019_COR_490,COR,7019,490,0,1
7019_COR_495,COR,7019,495,0,1
7019_COR_500,COR,7019,500,0,1
7019_COR_505,COR,7019,505,0,1
7019_COR_510,COR,7019,510,0,1
7019_COR_515,COR,7019,515,0,0
7019_COR_520,COR,7019,520,0,1
7019_COR_525,COR,7019,525,0,0
7019_COR_530,COR,7019,530,0,0
7019_COR_535,COR,7019,535,0,1
7019_COR_540,COR,7019,540,0,1
7019_COR_545,COR,7019,545,0,1
7019_COR_550,COR,7019,550,0,1
7019_COR_555,COR,7019,555,0,1
7019_COR_560,COR,7019,560,0,1
7019_COR_565,COR,7019,565,0,1
7019_COR_570,COR,7019,570,0,1
7019_COR_575,COR,7019,575,0,1
7019_COR_580,COR,7019,580,0,1
7019_COR_585,COR,7019,585,0,0
7019_COR_590,COR,7019,590,0,1
7019_COR_595,COR,7019,595,0,1
7019_COR_600,COR,7019,600,0,1
7954_COR_5,COR,7954,5,0,0
7954_COR_10,COR,7954,10,0,1
7954_COR_15,COR,7954,15,0,1
7954_COR_20,COR,7954,20,0,0
7954_COR_25,COR,7954,25,0,1
7954_COR_30,COR,7954,30,0,1
7954_COR_35,COR,7954,35,0,1
7954_COR_40,COR,7954,40,0,1
7954_COR_45,COR,7954,45,0,1
7954_COR_50,COR,7954,50,0,0
7954_COR_55,COR,7954,55,0,1
7954_COR_60,COR,7954,60,0,1
7954_COR_65,COR,7954,65,0,1
7954_COR_70,COR,7954,70,0,1
7954_COR_75,COR,7954,75,0,0
7954_COR_80,COR,7954,80,0,0
7954_COR_85,COR,7954,85,0,1
7954_COR_90,COR,7954,90,0,0
7954_COR_95,COR,7954,95,0,0
7954_COR_100,COR,7954,100,0,1
7954_COR_105,COR,7954,105,0,1
7954_COR_110,COR,7954,110,0,1
7954_COR_115,COR,7954,115,0,1
7954_COR_120,COR,7954,120,0,0
7954_COR_125,COR,7954,125,0,1
7954_COR_130,COR,7954,130,0,1
7954_COR_135,COR,7954,135,0,0
7954_COR_140,COR,7954,140,0,1
7954_COR_145,COR,7954,145,0,1
7954_COR_150,COR,7954,150,0,1
7954_COR_155,COR,7954,155,0,0
7954_COR_160,COR,7954,160,0,1
7954_COR_165,COR,7954,165,0,1
7954_COR_170,COR,7954,170,0,0
7954_COR_175,COR,7954,175,0,1
7954_COR_180,COR,7954,180,0,1
7954_COR_185,COR,7954,185,0,1
7954_COR_190,COR,7954,190,0,1
7954_COR_195,COR,7954,195,0,1
7954_COR_200,COR,7954,200,0,1
7954_COR_205,COR,7954,205,0,1
7954_COR_210,COR,7954,210,0,1
7954_COR_215,COR,7954,215,0,1
7954_COR_220,COR,7954,220,0,1
7954_COR_225,COR,7954,225,0,0
7954_COR_230,COR,7954,230,0,1
7954_COR_235,COR,7954,235,0,1
7954_COR_240,COR,7954,240,0,1
7954_COR_245,COR,7954,245,0,0
7954_COR_250,COR,7954,250,0,0
7954_COR_255,COR,7954,255,0,1
7954_COR_260,COR,7954,260,0,1
7954_COR_265,COR,7954,265,0,0
7954_COR_270,COR,7954,270,0,1
7954_COR_275,COR,7954,275,0,1
7954_COR_280,COR,7954,280,0,0
7954_COR_285,COR,7954,285,0,1
7954_COR_290,COR,7954,290,0,1
7954_COR_295,COR,7954,295,0,0
7954_COR_300,COR,7954,300,0,1
7954_COR_305,COR,7954,305,0,1
7954_COR_310,COR,7954,310,0,1
7954_COR_315,COR,7954,315,0,1
7954_COR_320,COR,7954,320,0,1
7954_COR_325,COR,7954,325,0,0
7954_COR_330,COR,7954,330,0,1
7954_COR_335,COR,7954,335,0,1
7954_COR_340,COR,7954,340,0,1
7954_COR_345,COR,7954,345,0,1
7954_COR_350,COR,7954,350,0,0
7954_COR_355,COR,7954,355,0,1
7954_COR_360,COR,7954,360,0,1
7954_COR_365,COR,7954,365,0,1
7954_COR_370,COR,7954,370,0,1
7954_COR_375,COR,7954,375,0,1
7954_COR_380,COR,7954,380,0,1
7954_COR_385,COR,7954,385,0,1
7954_COR_390,COR,7954,390,0,1
7954_COR_395,COR,7954,395,0,0
7954_COR_400,COR,7954,400,0,1
7954_COR_405,COR,7954,405,0,1
7954_COR_410,COR,7954,410,0,1
7954_COR_415,COR,7954,415,0,1
7954_COR_420,COR,7954,420,0,1
7954_COR_425,COR,7954,425,0,1
7954_COR_430,COR,7954,430,0,1
7954_COR_435,COR,7954,435,0,1
7954_COR_440,COR,7954,440,0,1
7954_COR_445,COR,7954,445,0,1
7954_COR_450,COR,7954,450,0,0
7954_COR_455,COR,7954,455,0,1
7954_COR_460,COR,7954,460,0,1
7954_COR_465,COR,7954,465,0,1
7954_COR_470,COR,7954,470,0,1
7954_COR_475,COR,7954,475,0,1
7954_COR_480,COR,7954,480,0,1
7954_COR_485,COR,7954,485,0,0
7954_COR_490,COR,7954,490,0,1
7954_COR_495,COR,7954,495,0,0
7954_COR_500,COR,7954,500,0,1
7954_COR_505,COR,7954,505,0,1
7954_COR_510,COR,7954,510,0,0
7954_COR_515,COR,7954,515,0,1
7954_COR_520,COR,7954,520,0,1
7954_COR_525,COR,7954,525,0,1
7954_COR_530,COR,7954,530,0,1
7954_COR_535,COR,7954,535,0,1
7954_COR_540,COR,7954,540,0,1
7954_COR_545,COR,7954,545,0,0
7954_COR_550,COR,7954,550,0,1
7954_COR_555,COR,7954,555,0,1
7954_COR_560,COR,7954,560,0,1
7954_COR_565,COR,7954,565,0,1
7954_COR_570,COR,7954,570,0,1
7954_COR_575,COR,7954,575,0,1
7954_COR_580,COR,7954,580,0,1
7954_COR_585,COR,7954,585,0,1
7954_COR_590,COR,7954,590,0,1
7954_COR_595,COR,7954,595,0,1
7954_COR_600,COR,7954,600,0,1
11254_COR_5,COR,11254,5,1,0
11254_COR_10,COR,11254,10,0,1
11254_COR_15,COR,11254,15,1,1
11254_COR_20,COR,11254,20,0,1
11254_COR_25,COR,11254,25,1,1
11254_COR_30,COR,11254,30,0,0
11254_COR_35,COR,11254,35,0,1
11254_COR_40,COR,11254,40,0,1
11254_COR_45,COR,11254,45,0,1
11254_COR_50,COR,11254,50,0,1
11254_COR_55,COR,11254,55,0,1
11254_COR_60,COR,11254,60,0,0
11254_COR_65,COR,11254,65,0,1
11254_COR_70,COR,11254,70,0,1
11254_COR_75,COR,11254,75,0,1
11254_COR_80,COR,11254,80,0,1
11254_COR_85,COR,11254,85,0,1
11254_COR_90,COR,11254,90,0,1
11254_COR_95,COR,11254,95,0,1
11254_COR_100,COR,11254,100,0,0
11254_COR_105,COR,11254,105,0,1
11254_COR_110,COR,11254,110,0,1
11254_COR_115,COR,11254,115,0,1
11254_COR_120,COR,11254,120,0,1
11254_COR_125,COR,11254,125,0,1
11254_COR_130,COR,11254,130,0,1
11254_COR_135,COR,11254,135,0,1
11254_COR_140,COR,11254,140,1,1
11254_COR_145,COR,11254,145,1,1
11254_COR_150,COR,11254,150,1,1
11254_COR_155,COR,11254,155,1,1
11254_COR_160,COR,11254,160,1,1
11254_COR_165,COR,11254,165,1,1
11254_COR_170,COR,11254,170,0,1
11254_COR_175,COR,11254,175,0,1
11254_COR_180,COR,11254,180,0,1
11254_COR_185,COR,11254,185,0,1
11254_COR_190,COR,11254,190,0,1
11254_COR_195,COR,11254,195,0,1
11254_COR_200,COR,11254,200,0,1
11254_COR_205,COR,11254,205,0,1
11254_COR_210,COR,11254,210,0,1
11254_COR_215,COR,11254,215,1,1
11254_COR_220,COR,11254,220,0,1
11254_COR_225,COR,11254,225,0,1
11254_COR_230,COR,11254,230,0,0
11254_COR_235,COR,11254,235,0,1
11254_COR_240,COR,11254,240,0,1
11254_COR_245,COR,11254,245,0,1
11254_COR_250,COR,11254,250,0,1
11254_COR_255,COR,11254,255,0,1
11254_COR_260,COR,11254,260,0,1
11254_COR_265,COR,11254,265,0,1
11254_COR_270,COR,11254,270,1,1
11254_COR_275,COR,11254,275,1,0
11254_COR_280,COR,11254,280,1,1
11254_COR_285,COR,11254,285,0,1
11254_COR_290,COR,11254,290,0,1
11254_COR_295,COR,11254,295,0,1
11254_COR_300,COR,11254,300,0,1
11254_COR_305,COR,11254,305,0,1
11254_COR_310,COR,11254,310,0,1
11254_COR_315,COR,11254,315,0,1
11254_COR_320,COR,11254,320,0,1
11254_COR_325,COR,11254,325,0,1
11254_COR_330,COR,11254,330,0,1
11254_COR_335,COR,11254,335,0,1
11254_COR_340,COR,11254,340,0,1
11254_COR_345,COR,11254,345,0,1
11254_COR_350,COR,11254,350,0,1
11254_COR_355,COR,11254,355,0,1
11254_COR_360,COR,11254,360,0,0
11254_COR_365,COR,11254,365,0,1
11254_COR_370,COR,11254,370,0,1
11254_COR_375,COR,11254,375,0,0
11254_COR_380,COR,11254,380,0,1
11254_COR_385,COR,11254,385,0,1
11254_COR_390,COR,11254,390,0,1
11254_COR_395,COR,11254,395,0,0
11254_COR_400,COR,11254,400,0,1
11254_COR_405,COR,11254,405,0,1
11254_COR_410,COR,11254,410,0,0
11254_COR_415,COR,11254,415,0,1
11254_COR_420,COR,11254,420,0,1
11254_COR_425,COR,11254,425,0,1
11254_COR_430,COR,11254,430,0,1
11254_COR_435,COR,11254,435,0,1
11254_COR_440,COR,11254,440,0,1
11254_COR_445,COR,11254,445,0,1
11254_COR_450,COR,11254,450,0,1
11254_COR_455,COR,11254,455,0,1
11254_COR_460,COR,11254,460,0,1
11254_COR_465,COR,11254,465,0,1
11254_COR_470,COR,11254,470,0,1
11254_COR_475,COR,11254,475,0,0
11254_COR_480,COR,11254,480,0,1
11254_COR_485,COR,11254,485,0,0
11254_COR_490,COR,11254,490,0,1
11254_COR_495,COR,11254,495,0,1
11254_COR_500,COR,11254,500,0,1
11254_COR_505,COR,11254,505,0,1
11254_COR_510,COR,11254,510,0,1
11254_COR_515,COR,11254,515,1,1
11254_COR_520,COR,11254,520,1,1
11254_COR_525,COR,11254,525,0,1
11254_COR_530,COR,11254,530,0,1
11254_COR_535,COR,11254,535,0,0
11254_COR_540,COR,11254,540,0,1
11254_COR_545,COR,11254,545,0,1
11254_COR_550,COR,11254,550,0,1
11254_COR_555,COR,11254,555,0,1
11254_COR_560,COR,11254,560,0,1
11254_COR_565,COR,11254,565,0,1
11254_COR_570,COR,11254,570,0,1
11254_COR_575,COR,11254,575,0,1
11254_COR_580,COR,11254,580,0,1
11254_COR_585,COR,11254,585,0,1
11254_COR_590,COR,11254,590,0,1
11254_COR_595,COR,11254,595,0,1
11254_COR_600,COR,11254,600,0,1
18003_COR_5,COR,18003,5,1,1
18003_COR_10,COR,18003,10,0,1
18003_COR_15,COR,18003,15,0,1
18003_COR_20,COR,18003,20,1,1
18003_COR_25,COR,18003,25,1,1
18003_COR_30,COR,18003,30,1,1
18003_COR_35,COR,18003,35,1,1
18003_COR_40,COR,18003,40,1,0
18003_COR_45,COR,18003,45,1,1
18003_COR_50,COR,18003,50,1,1
18003_COR_55,COR,18003,55,0,1
18003_COR_60,COR,18003,60,0,1
18003_COR_65,COR,18003,65,1,1
18003_COR_70,COR,18003,70,0,1
18003_COR_75,COR,18003,75,0,0
18003_COR_80,COR,18003,80,1,1
18003_COR_85,COR,18003,85,1,0
18003_COR_90,COR,18003,90,0,1
18003_COR_95,COR,18003,95,0,1
18003_COR_100,COR,18003,100,0,1
18003_COR_105,COR,18003,105,0,1
18003_COR_110,COR,18003,110,0,1
18003_COR_115,COR,18003,115,0,0
18003_COR_120,COR,18003,120,0,1
18003_COR_125,COR,18003,125,0,1
18003_COR_130,COR,18003,130,0,1
18003_COR_135,COR,18003,135,0,0
18003_COR_140,COR,18003,140,1,1
18003_COR_145,COR,18003,145,1,0
18003_COR_150,COR,18003,150,1,1
18003_COR_155,COR,18003,155,1,0
18003_COR_160,COR,18003,160,1,0
18003_COR_165,COR,18003,165,1,0
18003_COR_170,COR,18003,170,1,1
18003_COR_175,COR,18003,175,1,1
18003_COR_180,COR,18003,180,1,1
18003_COR_185,COR,18003,185,1,0
18003_COR_190,COR,18003,190,1,1
18003_COR_195,COR,18003,195,1,0
18003_COR_200,COR,18003,200,1,0
18003_COR_205,COR,18003,205,1,1
18003_COR_210,COR,18003,210,0,1
18003_COR_215,COR,18003,215,1,1
18003_COR_220,COR,18003,220,1,1
18003_COR_225,COR,18003,225,1,1
18003_COR_230,COR,18003,230,1,0
18003_COR_235,COR,18003,235,1,1
18003_COR_240,COR,18003,240,1,0
18003_COR_245,COR,18003,245,1,1
18003_COR_250,COR,18003,250,1,1
18003_COR_255,COR,18003,255,1,1
18003_COR_260,COR,18003,260,1,1
18003_COR_265,COR,18003,265,1,1
18003_COR_270,COR,18003,270,1,1
18003_COR_275,COR,18003,275,1,1
18003_COR_280,COR,18003,280,0,0
18003_COR_285,COR,18003,285,1,1
18003_COR_290,COR,18003,290,1,1
18003_COR_295,COR,18003,295,1,1
18003_COR_300,COR,18003,300,1,1
18003_COR_305,COR,18003,305,1,0
18003_COR_310,COR,18003,310,1,0
18003_COR_315,COR,18003,315,1,1
18003_COR_320,COR,18003,320,1,0
18003_COR_325,COR,18003,325,1,1
18003_COR_330,COR,18003,330,1,1
18003_COR_335,COR,18003,335,1,1
18003_COR_340,COR,18003,340,1,0
18003_COR_345,COR,18003,345,1,1
18003_COR_350,COR,18003,350,1,1
18003_COR_355,COR,18003,355,1,0
18003_COR_360,COR,18003,360,1,1
18003_COR_365,COR,18003,365,1,1
18003_COR_370,COR,18003,370,1,1
18003_COR_375,COR,18003,375,1,1
18003_COR_380,COR,18003,380,1,1
18003_COR_385,COR,18003,385,1,1
18003_COR_390,COR,18003,390,1,1
18003_COR_395,COR,18003,395,1,0
18003_COR_400,COR,18003,400,1,0
18003_COR_405,COR,18003,405,1,1
18003_COR_410,COR,18003,410,1,1
18003_COR_415,COR,18003,415,1,1
18003_COR_420,COR,18003,420,1,1
18003_COR_425,COR,18003,425,1,1
18003_COR_430,COR,18003,430,1,1
18003_COR_435,COR,18003,435,1,1
18003_COR_440,COR,18003,440,1,1
18003_COR_445,COR,18003,445,0,1
18003_COR_450,COR,18003,450,1,1
18003_COR_455,COR,18003,455,1,1
18003_COR_460,COR,18003,460,1,1
18003_COR_465,COR,18003,465,1,1
18003_COR_470,COR,18003,470,1,1
18003_COR_475,COR,18003,475,0,1
18003_COR_480,COR,18003,480,0,0
18003_COR_485,COR,18003,485,1,1
18003_COR_490,COR,18003,490,1,1
18003_COR_495,COR,18003,495,1,1
18003_COR_500,COR,18003,500,1,0
18003_COR_505,COR,18003,505,1,0
18003_COR_510,COR,18003,510,1,1
18003_COR_515,COR,18003,515,1,1
18003_COR_520,COR,18003,520,1,0
18003_COR_525,COR,18003,525,1,0
18003_COR_530,COR,18003,530,1,1
18003_COR_535,COR,18003,535,1,1
18003_COR_540,COR,18003,540,0,1
18003_COR_545,COR,18003,545,1,1
18003_COR_550,COR,18003,550,1,1
18003_COR_555,COR,18003,555,0,1
18003_COR_560,COR,18003,560,1,1
18003_COR_565,COR,18003,565,0,1
18003_COR_570,COR,18003,570,1,1
18003_COR_575,COR,18003,575,1,1
18003_COR_580,COR,18003,580,1,1
18003_COR_585,COR,18003,585,1,1
18003_COR_590,COR,18003,590,1,0
18003_COR_595,COR,18003,595,1,1
18003_COR_600,COR,18003,600,1,1
21767_COR_5,COR,21767,5,1,1
21767_COR_10,COR,21767,10,1,1
21767_COR_15,COR,21767,15,1,1
21767_COR_20,COR,21767,20,1,0
21767_COR_25,COR,21767,25,1,1
21767_COR_30,COR,21767,30,1,1
21767_COR_35,COR,21767,35,1,1
21767_COR_40,COR,21767,40,1,1
21767_COR_45,COR,21767,45,1,1
21767_COR_50,COR,21767,50,0,1
21767_COR_55,COR,21767,55,1,1
21767_COR_60,COR,21767,60,1,1
21767_COR_65,COR,21767,65,1,1
21767_COR_70,COR,21767,70,1,1
21767_COR_75,COR,21767,75,1,1
21767_COR_80,COR,21767,80,1,1
21767_COR_85,COR,21767,85,1,1
21767_COR_90,COR,21767,90,1,1
21767_COR_95,COR,21767,95,1,0
21767_COR_100,COR,21767,100,1,0
21767_COR_105,COR,21767,105,1,0
21767_COR_110,COR,21767,110,1,0
21767_COR_115,COR,21767,115,1,1
21767_COR_120,COR,21767,120,1,1
21767_COR_125,COR,21767,125,1,0
21767_COR_130,COR,21767,130,1,1
21767_COR_135,COR,21767,135,1,1
21767_COR_140,COR,21767,140,1,1
21767_COR_145,COR,21767,145,1,1
21767_COR_150,COR,21767,150,1,1
21767_COR_155,COR,21767,155,1,1
21767_COR_160,COR,21767,160,1,1
21767_COR_165,COR,21767,165,1,1
21767_COR_170,COR,21767,170,1,1
21767_COR_175,COR,21767,175,1,1
21767_COR_180,COR,21767,180,1,1
21767_COR_185,COR,21767,185,1,1
21767_COR_190,COR,21767,190,1,0
21767_COR_195,COR,21767,195,1,1
21767_COR_200,COR,21767,200,1,1
21767_COR_205,COR,21767,205,1,1
21767_COR_210,COR,21767,210,0,1
21767_COR_215,COR,21767,215,1,1
21767_COR_220,COR,21767,220,1,0
21767_COR_225,COR,21767,225,1,1
21767_COR_230,COR,21767,230,1,1
21767_COR_235,COR,21767,235,1,1
21767_COR_240,COR,21767,240,1,0
21767_COR_245,COR,21767,245,1,0
21767_COR_250,COR,21767,250,1,1
21767_COR_255,COR,21767,255,0,1
21767_COR_260,COR,21767,260,0,1
21767_COR_265,COR,21767,265,0,1
21767_COR_270,COR,21767,270,1,1
21767_COR_275,COR,21767,275,1,1
21767_COR_280,COR,21767,280,1,1
21767_COR_285,COR,21767,285,1,1
21767_COR_290,COR,21767,290,1,1
21767_COR_295,COR,21767,295,0,0
21767_COR_300,COR,21767,300,0,1
21767_COR_305,COR,21767,305,1,1
21767_COR_310,COR,21767,310,1,1
21767_COR_315,COR,21767,315,0,1
21767_COR_320,COR,21767,320,0,1
21767_COR_325,COR,21767,325,0,1
21767_COR_330,COR,21767,330,0,1
21767_COR_335,COR,21767,335,0,1
21767_COR_340,COR,21767,340,0,0
21767_COR_345,COR,21767,345,1,0
21767_COR_350,COR,21767,350,1,1
21767_COR_355,COR,21767,355,1,1
21767_COR_360,COR,21767,360,1,1
21767_COR_365,COR,21767,365,1,0
21767_COR_370,COR,21767,370,1,1
21767_COR_375,COR,21767,375,1,1
21767_COR_380,COR,21767,380,1,1
21767_COR_385,COR,21767,385,1,0
21767_COR_390,COR,21767,390,0,1
21767_COR_395,COR,21767,395,0,0
21767_COR_400,COR,21767,400,0,1
21767_COR_405,COR,21767,405,0,1
21767_COR_410,COR,21767,410,1,1
21767_COR_415,COR,21767,415,1,1
21767_COR_420,COR,21767,420,1,1
21767_COR_425,COR,21767,425,0,1
21767_COR_430,COR,21767,430,0,1
21767_COR_435,COR,21767,435,1,1
21767_COR_440,COR,21767,440,1,0
21767_COR_445,COR,21767,445,1,0
21767_COR_450,COR,21767,450,0,1
21767_COR_455,COR,21767,455,1,0
21767_COR_460,COR,21767,460,1,1
21767_COR_465,COR,21767,465,1,1
21767_COR_470,COR,21767,470,1,1
21767_COR_475,COR,21767,475,1,0
21767_COR_480,COR,21767,480,0,1
21767_COR_485,COR,21767,485,1,0
21767_COR_490,COR,21767,490,1,0
21767_COR_495,COR,21767,495,1,1
21767_COR_500,COR,21767,500,1,1
21767_COR_505,COR,21767,505,1,1
21767_COR_510,COR,21767,510,1,1
21767_COR_515,COR,21767,515,1,0
21767_COR_520,COR,21767,520,1,1
21767_COR_525,COR,21767,525,1,1
21767_COR_530,COR,21767,530,1,1
21767_COR_535,COR,21767,535,1,0
21767_COR_540,COR,21767,540,1,0
21767_COR_545,COR,21767,545,1,0
21767_COR_550,COR,21767,550,1,1
21767_COR_555,COR,21767,555,1,1
21767_COR_560,COR,21767,560,1,1
21767_COR_565,COR,21767,565,1,1
21767_COR_570,COR,21767,570,1,1
21767_COR_575,COR,21767,575,1,1
21767_COR_580,COR,21767,580,1,1
21767_COR_585,COR,21767,585,1,1
21767_COR_590,COR,21767,590,1,0
21767_COR_595,COR,21767,595,1,1
21767_COR_600,COR,21767,600,0,1
26746_COR_5,COR,26746,5,1,1
26746_COR_10,COR,26746,10,1,0
26746_COR_15,COR,26746,15,1,0
26746_COR_20,COR,26746,20,0,0
26746_COR_25,COR,26746,25,0,0
26746_COR_30,COR,26746,30,1,1
26746_COR_35,COR,26746,35,1,1
26746_COR_40,COR,26746,40,1,1
26746_COR_45,COR,26746,45,1,1
26746_COR_50,COR,26746,50,1,1
26746_COR_55,COR,26746,55,1,1
26746_COR_60,COR,26746,60,1,1
26746_COR_65,COR,26746,65,1,0
26746_COR_70,COR,26746,70,1,0
26746_COR_75,COR,26746,75,1,0
26746_COR_80,COR,26746,80,1,1
26746_COR_85,COR,26746,85,0,1
26746_COR_90,COR,26746,90,1,0
26746_COR_95,COR,26746,95,0,1
26746_COR_100,COR,26746,100,0,1
26746_COR_105,COR,26746,105,1,1
26746_COR_110,COR,26746,110,1,1
26746_COR_115,COR,26746,115,1,1
26746_COR_120,COR,26746,120,1,1
26746_COR_125,COR,26746,125,1,1
26746_COR_130,COR,26746,130,1,0
26746_COR_135,COR,26746,135,1,1
26746_COR_140,COR,26746,140,1,1
26746_COR_145,COR,26746,145,1,0
26746_COR_150,COR,26746,150,1,1
26746_COR_155,COR,26746,155,1,1
26746_COR_160,COR,26746,160,1,1
26746_COR_165,COR,26746,165,1,1
26746_COR_170,COR,26746,170,0,1
26746_COR_175,COR,26746,175,1,1
26746_COR_180,COR,26746,180,1,1
26746_COR_185,COR,26746,185,1,0
26746_COR_190,COR,26746,190,1,1
26746_COR_195,COR,26746,195,1,1
26746_COR_200,COR,26746,200,1,1
26746_COR_205,COR,26746,205,1,0
26746_COR_210,COR,26746,210,1,1
26746_COR_215,COR,26746,215,0,0
26746_COR_220,COR,26746,220,0,1
26746_COR_225,COR,26746,225,1,1
26746_COR_230,COR,26746,230,0,1
26746_COR_235,COR,26746,235,0,1
26746_COR_240,COR,26746,240,0,1
26746_COR_245,COR,26746,245,0,1
26746_COR_250,COR,26746,250,0,1
26746_COR_255,COR,26746,255,0,1
26746_COR_260,COR,26746,260,0,0
26746_COR_265,COR,26746,265,0,1
26746_COR_270,COR,26746,270,0,1
26746_COR_275,COR,26746,275,0,1
26746_COR_280,COR,26746,280,0,0
26746_COR_285,COR,26746,285,0,1
26746_COR_290,COR,26746,290,0,1
26746_COR_295,COR,26746,295,1,0
26746_COR_300,COR,26746,300,1,1
26746_COR_305,COR,26746,305,0,1
26746_COR_310,COR,26746,310,1,0
26746_COR_315,COR,26746,315,1,1
26746_COR_320,COR,26746,320,1,1
26746_COR_325,COR,26746,325,1,1
26746_COR_330,COR,26746,330,0,1
26746_COR_335,COR,26746,335,0,1
26746_COR_340,COR,26746,340,0,1
26746_COR_345,COR,26746,345,0,1
26746_COR_350,COR,26746,350,0,0
26746_COR_355,COR,26746,355,0,1
26746_COR_360,COR,26746,360,0,1
26746_COR_365,COR,26746,365,0,1
26746_COR_370,COR,26746,370,0,1
26746_COR_375,COR,26746,375,0,1
26746_COR_380,COR,26746,380,0,1
26746_COR_385,COR,26746,385,0,0
26746_COR_390,COR,26746,390,0,1
26746_COR_395,COR,26746,395,0,0
26746_COR_400,COR,26746,400,0,1
26746_COR_405,COR,26746,405,0,1
26746_COR_410,COR,26746,410,1,1
26746_COR_415,COR,26746,415,1,1
26746_COR_420,COR,26746,420,1,1
26746_COR_425,COR,26746,425,0,1
26746_COR_430,COR,26746,430,0,0
26746_COR_435,COR,26746,435,0,1
26746_COR_440,COR,26746,440,0,0
26746_COR_445,COR,26746,445,0,1
26746_COR_450,COR,26746,450,0,1
26746_COR_455,COR,26746,455,0,1
26746_COR_460,COR,26746,460,0,0
26746_COR_465,COR,26746,465,0,0
26746_COR_470,COR,26746,470,0,1
26746_COR_475,COR,26746,475,0,0
26746_COR_480,COR,26746,480,1,1
26746_COR_485,COR,26746,485,1,1
26746_COR_490,COR,26746,490,0,1
26746_COR_495,COR,26746,495,0,1
26746_COR_500,COR,26746,500,0,1
26746_COR_505,COR,26746,505,0,1
26746_COR_510,COR,26746,510,0,1
26746_COR_515,COR,26746,515,0,1
26746_COR_520,COR,26746,520,0,0
26746_COR_525,COR,26746,525,0,1
26746_COR_530,COR,26746,530,0,1
26746_COR_535,COR,26746,535,0,1
26746_COR_540,COR,26746,540,0,1
26746_COR_545,COR,26746,545,0,1
26746_COR_550,COR,26746,550,0,1
26746_COR_555,COR,26746,555,1,0
26746_COR_560,COR,26746,560,0,1
26746_COR_565,COR,26746,565,0,0
26746_COR_570,COR,26746,570,0,1
26746_COR_575,COR,26746,575,0,0
26746_COR_580,COR,26746,580,0,1
26746_COR_585,COR,26746,585,0,0
26746_COR_590,COR,26746,590,0,0
26746_COR_595,COR,26746,595,0,1
26746_COR_600,COR,26746,600,0,1
31928_COR_5,COR,31928,5,0,0
31928_COR_10,COR,31928,10,0,0
31928_COR_15,COR,31928,15,0,1
31928_COR_20,COR,31928,20,0,1
31928_COR_25,COR,31928,25,0,1
31928_COR_30,COR,31928,30,0,1
31928_COR_35,COR,31928,35,0,1
31928_COR_40,COR,31928,40,0,1
31928_COR_45,COR,31928,45,0,1
31928_COR_50,COR,31928,50,0,1
31928_COR_55,COR,31928,55,0,0
31928_COR_60,COR,31928,60,0,1
31928_COR_65,COR,31928,65,0,1
31928_COR_70,COR,31928,70,0,0
31928_COR_75,COR,31928,75,0,0
31928_COR_80,COR,31928,80,0,1
31928_COR_85,COR,31928,85,0,1
31928_COR_90,COR,31928,90,0,1
31928_COR_95,COR,31928,95,0,1
31928_COR_100,COR,31928,100,0,1
31928_COR_105,COR,31928,105,0,1
31928_COR_110,COR,31928,110,0,1
31928_COR_115,COR,31928,115,0,1
31928_COR_120,COR,31928,120,0,1
31928_COR_125,COR,31928,125,0,1
31928_COR_130,COR,31928,130,0,1
31928_COR_135,COR,31928,135,0,1
31928_COR_140,COR,31928,140,0,1
31928_COR_145,COR,31928,145,0,1
31928_COR_150,COR,31928,150,0,0
31928_COR_155,COR,31928,155,0,0
31928_COR_160,COR,31928,160,0,0
31928_COR_165,COR,31928,165,0,1
31928_COR_170,COR,31928,170,0,1
31928_COR_175,COR,31928,175,0,0
31928_COR_180,COR,31928,180,0,1
31928_COR_185,COR,31928,185,0,1
31928_COR_190,COR,31928,190,0,1
31928_COR_195,COR,31928,195,0,1
31928_COR_200,COR,31928,200,0,1
31928_COR_205,COR,31928,205,0,1
31928_COR_210,COR,31928,210,0,0
31928_COR_215,COR,31928,215,0,1
31928_COR_220,COR,31928,220,0,0
31928_COR_225,COR,31928,225,0,1
31928_COR_230,COR,31928,230,0,1
31928_COR_235,COR,31928,235,0,1
31928_COR_240,COR,31928,240,0,1
31928_COR_245,COR,31928,245,0,1
31928_COR_250,COR,31928,250,0,0
31928_COR_255,COR,31928,255,0,0
31928_COR_260,COR,31928,260,0,1
31928_COR_265,COR,31928,265,0,1
31928_COR_270,COR,31928,270,0,1
31928_COR_275,COR,31928,275,0,1
31928_COR_280,COR,31928,280,0,1
31928_COR_285,COR,31928,285,0,1
31928_COR_290,COR,31928,290,0,1
31928_COR_295,COR,31928,295,0,1
31928_COR_300,COR,31928,300,0,0
31928_COR_305,COR,31928,305,0,1
31928_COR_310,COR,31928,310,0,1
31928_COR_315,COR,31928,315,0,1
31928_COR_320,COR,31928,320,0,1
31928_COR_325,COR,31928,325,0,1
31928_COR_330,COR,31928,330,0,1
31928_COR_335,COR,31928,335,0,1
31928_COR_340,COR,31928,340,0,1
31928_COR_345,COR,31928,345,0,0
31928_COR_350,COR,31928,350,0,1
31928_COR_355,COR,31928,355,0,1
31928_COR_360,COR,31928,360,0,1
31928_COR_365,COR,31928,365,0,1
31928_COR_370,COR,31928,370,0,0
31928_COR_375,COR,31928,375,0,1
31928_COR_380,COR,31928,380,0,1
31928_COR_385,COR,31928,385,0,1
31928_COR_390,COR,31928,390,0,1
31928_COR_395,COR,31928,395,0,1
31928_COR_400,COR,31928,400,0,0
31928_COR_405,COR,31928,405,0,1
31928_COR_410,COR,31928,410,0,1
31928_COR_415,COR,31928,415,0,1
31928_COR_420,COR,31928,420,0,1
31928_COR_425,COR,31928,425,0,1
31928_COR_430,COR,31928,430,0,1
31928_COR_435,COR,31928,435,0,1
31928_COR_440,COR,31928,440,0,0
31928_COR_445,COR,31928,445,0,0
31928_COR_450,COR,31928,450,0,1
31928_COR_455,COR,31928,455,0,1
31928_COR_460,COR,31928,460,0,1
31928_COR_465,COR,31928,465,0,1
31928_COR_470,COR,31928,470,0,0
31928_COR_475,COR,31928,475,0,1
31928_COR_480,COR,31928,480,0,1
31928_COR_485,COR,31928,485,0,1
31928_COR_490,COR,31928,490,0,0
31928_COR_495,COR,31928,495,0,1
31928_COR_500,COR,31928,500,0,0
31928_COR_505,COR,31928,505,0,0
31928_COR_510,COR,31928,510,0,1
31928_COR_515,COR,31928,515,0,1
31928_COR_520,COR,31928,520,0,1
31928_COR_525,COR,31928,525,0,1
31928_COR_530,COR,31928,530,0,1
31928_COR_535,COR,31928,535,0,1
31928_COR_540,COR,31928,540,0,1
31928_COR_545,COR,31928,545,0,1
31928_COR_550,COR,31928,550,0,1
31928_COR_555,COR,31928,555,0,1
31928_COR_560,COR,31928,560,0,1
31928_COR_565,COR,31928,565,0,1
31928_COR_570,COR,31928,570,0,1
31928_COR_575,COR,31928,575,0,1
31928_COR_580,COR,31928,580,0,1
31928_COR_585,COR,31928,585,0,0
31928_COR_590,COR,31928,590,0,1
31928_COR_595,COR,31928,595,0,1
31928_COR_600,COR,31928,600,0,1
44957_COR_5,COR,44957,5,0,1
44957_COR_10,COR,44957,10,1,1
44957_COR_15,COR,44957,15,0,1
44957_COR_20,COR,44957,20,1,1
44957_COR_25,COR,44957,25,1,1
44957_COR_30,COR,44957,30,1,1
44957_COR_35,COR,44957,35,1,1
44957_COR_40,COR,44957,40,1,1
44957_COR_45,COR,44957,45,1,1
44957_COR_50,COR,44957,50,1,1
44957_COR_55,COR,44957,55,1,1
44957_COR_60,COR,44957,60,1,1
44957_COR_65,COR,44957,65,1,1
44957_COR_70,COR,44957,70,1,1
44957_COR_75,COR,44957,75,1,1
44957_COR_80,COR,44957,80,1,1
44957_COR_85,COR,44957,85,1,1
44957_COR_90,COR,44957,90,0,1
44957_COR_95,COR,44957,95,1,1
44957_COR_100,COR,44957,100,1,1
44957_COR_105,COR,44957,105,0,1
44957_COR_110,COR,44957,110,1,1
44957_COR_115,COR,44957,115,1,1
44957_COR_120,COR,44957,120,1,1
44957_COR_125,COR,44957,125,0,1
44957_COR_130,COR,44957,130,0,1
44957_COR_135,COR,44957,135,0,1
44957_COR_140,COR,44957,140,0,1
44957_COR_145,COR,44957,145,0,1
44957_COR_150,COR,44957,150,0,1
44957_COR_155,COR,44957,155,0,1
44957_COR_160,COR,44957,160,0,0
44957_COR_165,COR,44957,165,0,1
44957_COR_170,COR,44957,170,0,1
44957_COR_175,COR,44957,175,0,1
44957_COR_180,COR,44957,180,0,0
44957_COR_185,COR,44957,185,0,1
44957_COR_190,COR,44957,190,1,1
44957_COR_195,COR,44957,195,1,1
44957_COR_200,COR,44957,200,1,1
44957_COR_205,COR,44957,205,1,1
44957_COR_210,COR,44957,210,1,1
44957_COR_215,COR,44957,215,1,1
44957_COR_220,COR,44957,220,1,1
44957_COR_225,COR,44957,225,0,1
44957_COR_230,COR,44957,230,1,1
44957_COR_235,COR,44957,235,1,1
44957_COR_240,COR,44957,240,1,0
44957_COR_245,COR,44957,245,0,1
44957_COR_250,COR,44957,250,1,1
44957_COR_255,COR,44957,255,1,1
44957_COR_260,COR,44957,260,1,1
44957_COR_265,COR,44957,265,1,1
44957_COR_270,COR,44957,270,1,1
44957_COR_275,COR,44957,275,1,1
44957_COR_280,COR,44957,280,1,1
44957_COR_285,COR,44957,285,1,1
44957_COR_290,COR,44957,290,1,1
44957_COR_295,COR,44957,295,1,1
44957_COR_300,COR,44957,300,1,1
44957_COR_305,COR,44957,305,1,1
44957_COR_310,COR,44957,310,1,1
44957_COR_315,COR,44957,315,1,0
44957_COR_320,COR,44957,320,1,1
44957_COR_325,COR,44957,325,0,1
44957_COR_330,COR,44957,330,0,1
44957_COR_335,COR,44957,335,0,1
44957_COR_340,COR,44957,340,0,1
44957_COR_345,COR,44957,345,0,1
44957_COR_350,COR,44957,350,0,1
44957_COR_355,COR,44957,355,0,1
44957_COR_360,COR,44957,360,0,1
44957_COR_365,COR,44957,365,0,1
44957_COR_370,COR,44957,370,0,1
44957_COR_375,COR,44957,375,0,0
44957_COR_380,COR,44957,380,0,1
44957_COR_385,COR,44957,385,1,1
44957_COR_390,COR,44957,390,1,1
44957_COR_395,COR,44957,395,1,1
44957_COR_400,COR,44957,400,1,1
44957_COR_405,COR,44957,405,0,1
44957_COR_410,COR,44957,410,1,1
44957_COR_415,COR,44957,415,1,1
44957_COR_420,COR,44957,420,1,1
44957_COR_425,COR,44957,425,1,1
44957_COR_430,COR,44957,430,1,1
44957_COR_435,COR,44957,435,1,1
44957_COR_440,COR,44957,440,0,0
44957_COR_445,COR,44957,445,0,0
44957_COR_450,COR,44957,450,1,1
44957_COR_455,COR,44957,455,1,1
44957_COR_460,COR,44957,460,0,1
44957_COR_465,COR,44957,465,1,1
44957_COR_470,COR,44957,470,1,1
44957_COR_475,COR,44957,475,1,0
44957_COR_480,COR,44957,480,1,0
44957_COR_485,COR,44957,485,1,1
44957_COR_490,COR,44957,490,1,1
44957_COR_495,COR,44957,495,1,1
44957_COR_500,COR,44957,500,1,1
44957_COR_505,COR,44957,505,0,1
44957_COR_510,COR,44957,510,0,1
44957_COR_515,COR,44957,515,0,1
44957_COR_520,COR,44957,520,0,1
44957_COR_525,COR,44957,525,0,1
44957_COR_530,COR,44957,530,0,1
44957_COR_535,COR,44957,535,0,1
44957_COR_540,COR,44957,540,0,1
44957_COR_545,COR,44957,545,0,1
44957_COR_550,COR,44957,550,0,1
44957_COR_555,COR,44957,555,0,1
44957_COR_560,COR,44957,560,0,1
44957_COR_565,COR,44957,565,0,1
44957_COR_570,COR,44957,570,0,1
44957_COR_575,COR,44957,575,1,0
44957_COR_580,COR,44957,580,1,1
44957_COR_585,COR,44957,585,1,0
44957_COR_590,COR,44957,590,1,1
44957_COR_595,COR,44957,595,1,1
44957_COR_600,COR,44957,600,1,1
50878_COR_5,COR,50878,5,0,1
50878_COR_10,COR,50878,10,0,1
50878_COR_15,COR,50878,15,0,1
50878_COR_20,COR,50878,20,0,1
50878_COR_25,COR,50878,25,0,1
50878_COR_30,COR,50878,30,0,0
50878_COR_35,COR,50878,35,0,1
50878_COR_40,COR,50878,40,0,1
50878_COR_45,COR,50878,45,0,1
50878_COR_50,COR,50878,50,0,0
50878_COR_55,COR,50878,55,0,1
50878_COR_60,COR,50878,60,0,1
50878_COR_65,COR,50878,65,0,1
50878_COR_70,COR,50878,70,0,1
50878_COR_75,COR,50878,75,0,0
50878_COR_80,COR,50878,80,0,0
50878_COR_85,COR,50878,85,0,1
50878_COR_90,COR,50878,90,0,1
50878_COR_95,COR,50878,95,0,1
50878_COR_100,COR,50878,100,0,1
50878_COR_105,COR,50878,105,0,0
50878_COR_110,COR,50878,110,0,1
50878_COR_115,COR,50878,115,0,0
50878_COR_120,COR,50878,120,0,1
50878_COR_125,COR,50878,125,0,1
50878_COR_130,COR,50878,130,0,1
50878_COR_135,COR,50878,135,0,1
50878_COR_140,COR,50878,140,0,1
50878_COR_145,COR,50878,145,0,1
50878_COR_150,COR,50878,150,0,1
50878_COR_155,COR,50878,155,0,0
50878_COR_160,COR,50878,160,0,0
50878_COR_165,COR,50878,165,0,1
50878_COR_170,COR,50878,170,0,1
50878_COR_175,COR,50878,175,0,1
50878_COR_180,COR,50878,180,0,1
50878_COR_185,COR,50878,185,0,1
50878_COR_190,COR,50878,190,0,1
50878_COR_195,COR,50878,195,0,1
50878_COR_200,COR,50878,200,0,1
50878_COR_205,COR,50878,205,0,1
50878_COR_210,COR,50878,210,0,1
50878_COR_215,COR,50878,215,0,0
50878_COR_220,COR,50878,220,0,1
50878_COR_225,COR,50878,225,0,1
50878_COR_230,COR,50878,230,0,1
50878_COR_235,COR,50878,235,0,0
50878_COR_240,COR,50878,240,0,1
50878_COR_245,COR,50878,245,0,1
50878_COR_250,COR,50878,250,0,1
50878_COR_255,COR,50878,255,0,1
50878_COR_260,COR,50878,260,0,0
50878_COR_265,COR,50878,265,0,1
50878_COR_270,COR,50878,270,0,0
50878_COR_275,COR,50878,275,0,1
50878_COR_280,COR,50878,280,0,1
50878_COR_285,COR,50878,285,0,0
50878_COR_290,COR,50878,290,0,1
50878_COR_295,COR,50878,295,0,1
50878_COR_300,COR,50878,300,0,1
50878_COR_305,COR,50878,305,0,1
50878_COR_310,COR,50878,310,0,1
50878_COR_315,COR,50878,315,0,1
50878_COR_320,COR,50878,320,0,1
50878_COR_325,COR,50878,325,0,1
50878_COR_330,COR,50878,330,0,1
50878_COR_335,COR,50878,335,0,1
50878_COR_340,COR,50878,340,0,1
50878_COR_345,COR,50878,345,0,1
50878_COR_350,COR,50878,350,0,1
50878_COR_355,COR,50878,355,1,1
50878_COR_360,COR,50878,360,1,1
50878_COR_365,COR,50878,365,1,1
50878_COR_370,COR,50878,370,0,1
50878_COR_375,COR,50878,375,0,1
50878_COR_380,COR,50878,380,0,1
50878_COR_385,COR,50878,385,0,1
50878_COR_390,COR,50878,390,0,1
50878_COR_395,COR,50878,395,0,0
50878_COR_400,COR,50878,400,0,1
50878_COR_405,COR,50878,405,0,1
50878_COR_410,COR,50878,410,0,1
50878_COR_415,COR,50878,415,0,1
50878_COR_420,COR,50878,420,0,1
50878_COR_425,COR,50878,425,0,1
50878_COR_430,COR,50878,430,0,1
50878_COR_435,COR,50878,435,0,1
50878_COR_440,COR,50878,440,0,1
50878_COR_445,COR,50878,445,0,1
50878_COR_450,COR,50878,450,0,1
50878_COR_455,COR,50878,455,0,1
50878_COR_460,COR,50878,460,0,1
50878_COR_465,COR,50878,465,0,1
50878_COR_470,COR,50878,470,0,1
50878_COR_475,COR,50878,475,0,1
50878_COR_480,COR,50878,480,0,1
50878_COR_485,COR,50878,485,0,1
50878_COR_490,COR,50878,490,0,1
50878_COR_495,COR,50878,495,0,1
50878_COR_500,COR,50878,500,0,1
50878_COR_505,COR,50878,505,1,1
50878_COR_510,COR,50878,510,0,1
50878_COR_515,COR,50878,515,0,1
50878_COR_520,COR,50878,520,0,1
50878_COR_525,COR,50878,525,0,1
50878_COR_530,COR,50878,530,0,1
50878_COR_535,COR,50878,535,0,0
50878_COR_540,COR,50878,540,0,0
50878_COR_545,COR,50878,545,0,0
50878_COR_550,COR,50878,550,0,1
50878_COR_555,COR,50878,555,0,1
50878_COR_560,COR,50878,560,0,1
50878_COR_565,COR,50878,565,0,1
50878_COR_570,COR,50878,570,0,1
50878_COR_575,COR,50878,575,0,1
50878_COR_580,COR,50878,580,0,1
50878_COR_585,COR,50878,585,0,1
50878_COR_590,COR,50878,590,1,0
50878_COR_595,COR,50878,595,0,1
50878_COR_600,COR,50878,600,0,1
57610_COR_5,COR,57610,5,0,1
57610_COR_10,COR,57610,10,0,1
57610_COR_15,COR,57610,15,0,1
57610_COR_20,COR,57610,20,1,1
57610_COR_25,COR,57610,25,1,1
57610_COR_30,COR,57610,30,0,0
57610_COR_35,COR,57610,35,0,1
57610_COR_40,COR,57610,40,1,1
57610_COR_45,COR,57610,45,1,1
57610_COR_50,COR,57610,50,0,0
57610_COR_55,COR,57610,55,0,1
57610_COR_60,COR,57610,60,1,1
57610_COR_65,COR,57610,65,1,0
57610_COR_70,COR,57610,70,0,1
57610_COR_75,COR,57610,75,0,0
57610_COR_80,COR,57610,80,0,1
57610_COR_85,COR,57610,85,0,1
57610_COR_90,COR,57610,90,1,1
57610_COR_95,COR,57610,95,1,1
57610_COR_100,COR,57610,100,1,1
57610_COR_105,COR,57610,105,1,0
57610_COR_110,COR,57610,110,1,0
57610_COR_115,COR,57610,115,1,1
57610_COR_120,COR,57610,120,0,1
57610_COR_125,COR,57610,125,1,1
57610_COR_130,COR,57610,130,0,1
57610_COR_135,COR,57610,135,0,1
57610_COR_140,COR,57610,140,0,0
57610_COR_145,COR,57610,145,0,1
57610_COR_150,COR,57610,150,0,1
57610_COR_155,COR,57610,155,0,0
57610_COR_160,COR,57610,160,0,1
57610_COR_165,COR,57610,165,0,1
57610_COR_170,COR,57610,170,0,1
57610_COR_175,COR,57610,175,0,1
57610_COR_180,COR,57610,180,0,1
57610_COR_185,COR,57610,185,0,1
57610_COR_190,COR,57610,190,0,0
57610_COR_195,COR,57610,195,0,1
57610_COR_200,COR,57610,200,0,0
57610_COR_205,COR,57610,205,0,1
57610_COR_210,COR,57610,210,0,1
57610_COR_215,COR,57610,215,0,1
57610_COR_220,COR,57610,220,0,0
57610_COR_225,COR,57610,225,0,1
57610_COR_230,COR,57610,230,0,1
57610_COR_235,COR,57610,235,0,1
57610_COR_240,COR,57610,240,0,1
57610_COR_245,COR,57610,245,1,1
57610_COR_250,COR,57610,250,0,1
57610_COR_255,COR,57610,255,0,1
57610_COR_260,COR,57610,260,0,1
57610_COR_265,COR,57610,265,0,1
57610_COR_270,COR,57610,270,0,1
57610_COR_275,COR,57610,275,0,0
57610_COR_280,COR,57610,280,0,1
57610_COR_285,COR,57610,285,0,1
57610_COR_290,COR,57610,290,0,0
57610_COR_295,COR,57610,295,0,1
57610_COR_300,COR,57610,300,0,1
57610_COR_305,COR,57610,305,0,1
57610_COR_310,COR,57610,310,0,0
57610_COR_315,COR,57610,315,0,1
57610_COR_320,COR,57610,320,0,1
57610_COR_325,COR,57610,325,0,1
57610_COR_330,COR,57610,330,0,0
57610_COR_335,COR,57610,335,0,1
57610_COR_340,COR,57610,340,0,1
57610_COR_345,COR,57610,345,1,0
57610_COR_350,COR,57610,350,0,1
57610_COR_355,COR,57610,355,0,0
57610_COR_360,COR,57610,360,0,1
57610_COR_365,COR,57610,365,0,1
57610_COR_370,COR,57610,370,0,0
57610_COR_375,COR,57610,375,0,1
57610_COR_380,COR,57610,380,0,1
57610_COR_385,COR,57610,385,0,1
57610_COR_390,COR,57610,390,0,0
57610_COR_395,COR,57610,395,0,0
57610_COR_400,COR,57610,400,0,1
57610_COR_405,COR,57610,405,0,0
57610_COR_410,COR,57610,410,0,1
57610_COR_415,COR,57610,415,0,1
57610_COR_420,COR,57610,420,0,1
57610_COR_425,COR,57610,425,0,1
57610_COR_430,COR,57610,430,0,1
57610_COR_435,COR,57610,435,0,1
57610_COR_440,COR,57610,440,0,1
57610_COR_445,COR,57610,445,0,0
57610_COR_450,COR,57610,450,0,1
57610_COR_455,COR,57610,455,0,0
57610_COR_460,COR,57610,460,0,0
57610_COR_465,COR,57610,465,1,1
57610_COR_470,COR,57610,470,0,1
57610_COR_475,COR,57610,475,1,1
57610_COR_480,COR,57610,480,1,1
57610_COR_485,COR,57610,485,1,1
57610_COR_490,COR,57610,490,1,1
57610_COR_495,COR,57610,495,1,1
57610_COR_500,COR,57610,500,1,1
57610_COR_505,COR,57610,505,1,1
57610_COR_510,COR,57610,510,1,1
57610_COR_515,COR,57610,515,1,1
57610_COR_520,COR,57610,520,1,0
57610_COR_525,COR,57610,525,1,1
57610_COR_530,COR,57610,530,0,1
57610_COR_535,COR,57610,535,0,1
57610_COR_540,COR,57610,540,0,1
57610_COR_545,COR,57610,545,0,1
57610_COR_550,COR,57610,550,0,1
57610_COR_555,COR,57610,555,0,1
57610_COR_560,COR,57610,560,0,0
57610_COR_565,COR,57610,565,0,1
57610_COR_570,COR,57610,570,0,0
57610_COR_575,COR,57610,575,0,1
57610_COR_580,COR,57610,580,0,1
57610_COR_585,COR,57610,585,0,1
57610_COR_590,COR,57610,590,0,0
57610_COR_595,COR,57610,595,0,1
57610_COR_600,COR,57610,600,0,1
2782_SSW_5,SSW,2782,5,1,1
2782_SSW_10,SSW,2782,10,1,1
2782_SSW_15,SSW,2782,15,1,0
2782_SSW_20,SSW,2782,20,1,0
2782_SSW_25,SSW,2782,25,1,1
2782_SSW_30,SSW,2782,30,1,1
2782_SSW_35,SSW,2782,35,1,0
2782_SSW_40,SSW,2782,40,1,1
2782_SSW_45,SSW,2782,45,1,1
2782_SSW_50,SSW,2782,50,1,1
2782_SSW_55,SSW,2782,55,1,1
2782_SSW_60,SSW,2782,60,1,1
2782_SSW_65,SSW,2782,65,1,1
2782_SSW_70,SSW,2782,70,1,0
2782_SSW_75,SSW,2782,75,1,0
2782_SSW_80,SSW,2782,80,1,0
2782_SSW_85,SSW,2782,85,1,1
2782_SSW_90,SSW,2782,90,1,1
2782_SSW_95,SSW,2782,95,1,1
2782_SSW_100,SSW,2782,100,1,1
2782_SSW_105,SSW,2782,105,1,1
2782_SSW_110,SSW,2782,110,1,1
2782_SSW_115,SSW,2782,115,1,1
2782_SSW_120,SSW,2782,120,1,1
2782_SSW_125,SSW,2782,125,1,1
2782_SSW_130,SSW,2782,130,1,0
2782_SSW_135,SSW,2782,135,1,1
2782_SSW_140,SSW,2782,140,1,1
2782_SSW_145,SSW,2782,145,1,1
2782_SSW_150,SSW,2782,150,1,0
2782_SSW_155,SSW,2782,155,1,1
2782_SSW_160,SSW,2782,160,1,1
2782_SSW_165,SSW,2782,165,1,1
2782_SSW_170,SSW,2782,170,1,1
2782_SSW_175,SSW,2782,175,1,1
2782_SSW_180,SSW,2782,180,1,1
2782_SSW_185,SSW,2782,185,1,0
2782_SSW_190,SSW,2782,190,1,1
2782_SSW_195,SSW,2782,195,1,1
2782_SSW_200,SSW,2782,200,1,0
2782_SSW_205,SSW,2782,205,1,1
2782_SSW_210,SSW,2782,210,1,0
2782_SSW_215,SSW,2782,215,1,1
2782_SSW_220,SSW,2782,220,1,1
2782_SSW_225,SSW,2782,225,1,1
2782_SSW_230,SSW,2782,230,1,1
2782_SSW_235,SSW,2782,235,1,1
2782_SSW_240,SSW,2782,240,1,1
2782_SSW_245,SSW,2782,245,1,1
2782_SSW_250,SSW,2782,250,1,0
2782_SSW_255,SSW,2782,255,1,1
2782_SSW_260,SSW,2782,260,1,0
2782_SSW_265,SSW,2782,265,1,1
2782_SSW_270,SSW,2782,270,1,0
2782_SSW_275,SSW,2782,275,1,1
2782_SSW_280,SSW,2782,280,1,1
2782_SSW_285,SSW,2782,285,1,1
2782_SSW_290,SSW,2782,290,1,1
2782_SSW_295,SSW,2782,295,1,1
2782_SSW_300,SSW,2782,300,1,1
2782_SSW_305,SSW,2782,305,1,0
2782_SSW_310,SSW,2782,310,1,1
2782_SSW_315,SSW,2782,315,1,1
2782_SSW_320,SSW,2782,320,1,1
2782_SSW_325,SSW,2782,325,1,1
2782_SSW_330,SSW,2782,330,1,1
2782_SSW_335,SSW,2782,335,1,0
2782_SSW_340,SSW,2782,340,1,1
2782_SSW_345,SSW,2782,345,1,1
2782_SSW_350,SSW,2782,350,1,1
2782_SSW_355,SSW,2782,355,1,1
2782_SSW_360,SSW,2782,360,1,1
2782_SSW_365,SSW,2782,365,1,1
2782_SSW_370,SSW,2782,370,1,1
2782_SSW_375,SSW,2782,375,1,0
2782_SSW_380,SSW,2782,380,1,1
2782_SSW_385,SSW,2782,385,1,0
2782_SSW_390,SSW,2782,390,1,1
2782_SSW_395,SSW,2782,395,1,1
2782_SSW_400,SSW,2782,400,1,1
2782_SSW_405,SSW,2782,405,1,1
2782_SSW_410,SSW,2782,410,1,1
2782_SSW_415,SSW,2782,415,1,1
2782_SSW_420,SSW,2782,420,1,1
2782_SSW_425,SSW,2782,425,1,0
2782_SSW_430,SSW,2782,430,1,1
2782_SSW_435,SSW,2782,435,1,1
2782_SSW_440,SSW,2782,440,1,0
2782_SSW_445,SSW,2782,445,1,1
2782_SSW_450,SSW,2782,450,1,1
2782_SSW_455,SSW,2782,455,1,1
2782_SSW_460,SSW,2782,460,1,1
2782_SSW_465,SSW,2782,465,1,1
2782_SSW_470,SSW,2782,470,1,1
2782_SSW_475,SSW,2782,475,1,1
2782_SSW_480,SSW,2782,480,1,1
2782_SSW_485,SSW,2782,485,1,1
2782_SSW_490,SSW,2782,490,1,1
2782_SSW_495,SSW,2782,495,1,0
2782_SSW_500,SSW,2782,500,1,1
2782_SSW_505,SSW,2782,505,1,0
2782_SSW_510,SSW,2782,510,1,0
2782_SSW_515,SSW,2782,515,1,0
2782_SSW_520,SSW,2782,520,1,1
2782_SSW_525,SSW,2782,525,1,1
2782_SSW_530,SSW,2782,530,1,0
2782_SSW_535,SSW,2782,535,1,1
2782_SSW_540,SSW,2782,540,1,1
2782_SSW_545,SSW,2782,545,1,1
2782_SSW_550,SSW,2782,550,1,1
2782_SSW_555,SSW,2782,555,1,0
2782_SSW_560,SSW,2782,560,1,0
2782_SSW_565,SSW,2782,565,1,0
2782_SSW_570,SSW,2782,570,1,1
2782_SSW_575,SSW,2782,575,1,1
2782_SSW_580,SSW,2782,580,1,1
2782_SSW_585,SSW,2782,585,1,1
2782_SSW_590,SSW,2782,590,1,1
2782_SSW_595,SSW,2782,595,1,1
2782_SSW_600,SSW,2782,600,1,1
7843_SSW_5,SSW,7843,5,0,1
7843_SSW_10,SSW,7843,10,0,1
7843_SSW_15,SSW,7843,15,0,1
7843_SSW_20,SSW,7843,20,0,0
7843_SSW_25,SSW,7843,25,0,1
7843_SSW_30,SSW,7843,30,0,1
7843_SSW_35,SSW,7843,35,0,1
7843_SSW_40,SSW,7843,40,0,1
7843_SSW_45,SSW,7843,45,0,1
7843_SSW_50,SSW,7843,50,0,1
7843_SSW_55,SSW,7843,55,0,1
7843_SSW_60,SSW,7843,60,0,1
7843_SSW_65,SSW,7843,65,0,1
7843_SSW_70,SSW,7843,70,0,1
7843_SSW_75,SSW,7843,75,0,1
7843_SSW_80,SSW,7843,80,0,1
7843_SSW_85,SSW,7843,85,0,1
7843_SSW_90,SSW,7843,90,0,0
7843_SSW_95,SSW,7843,95,0,1
7843_SSW_100,SSW,7843,100,0,1
7843_SSW_105,SSW,7843,105,0,1
7843_SSW_110,SSW,7843,110,0,1
7843_SSW_115,SSW,7843,115,0,1
7843_SSW_120,SSW,7843,120,0,0
7843_SSW_125,SSW,7843,125,0,1
7843_SSW_130,SSW,7843,130,0,0
7843_SSW_135,SSW,7843,135,0,1
7843_SSW_140,SSW,7843,140,0,1
7843_SSW_145,SSW,7843,145,0,1
7843_SSW_150,SSW,7843,150,0,0
7843_SSW_155,SSW,7843,155,0,0
7843_SSW_160,SSW,7843,160,0,0
7843_SSW_165,SSW,7843,165,0,1
7843_SSW_170,SSW,7843,170,0,1
7843_SSW_175,SSW,7843,175,0,0
7843_SSW_180,SSW,7843,180,0,0
7843_SSW_185,SSW,7843,185,0,1
7843_SSW_190,SSW,7843,190,0,1
7843_SSW_195,SSW,7843,195,0,0
7843_SSW_200,SSW,7843,200,0,1
7843_SSW_205,SSW,7843,205,0,1
7843_SSW_210,SSW,7843,210,0,0
7843_SSW_215,SSW,7843,215,0,1
7843_SSW_220,SSW,7843,220,0,1
7843_SSW_225,SSW,7843,225,0,1
7843_SSW_230,SSW,7843,230,0,1
7843_SSW_235,SSW,7843,235,0,1
7843_SSW_240,SSW,7843,240,0,1
7843_SSW_245,SSW,7843,245,0,1
7843_SSW_250,SSW,7843,250,0,1
7843_SSW_255,SSW,7843,255,0,1
7843_SSW_260,SSW,7843,260,0,1
7843_SSW_265,SSW,7843,265,0,1
7843_SSW_270,SSW,7843,270,0,1
7843_SSW_275,SSW,7843,275,0,0
7843_SSW_280,SSW,7843,280,0,0
7843_SSW_285,SSW,7843,285,0,1
7843_SSW_290,SSW,7843,290,0,0
7843_SSW_295,SSW,7843,295,0,0
7843_SSW_300,SSW,7843,300,0,1
7843_SSW_305,SSW,7843,305,0,1
7843_SSW_310,SSW,7843,310,0,1
7843_SSW_315,SSW,7843,315,0,1
7843_SSW_320,SSW,7843,320,0,1
7843_SSW_325,SSW,7843,325,0,1
7843_SSW_330,SSW,7843,330,0,1
7843_SSW_335,SSW,7843,335,0,0
7843_SSW_340,SSW,7843,340,0,0
7843_SSW_345,SSW,7843,345,0,1
7843_SSW_350,SSW,7843,350,0,1
7843_SSW_355,SSW,7843,355,0,1
7843_SSW_360,SSW,7843,360,0,1
7843_SSW_365,SSW,7843,365,0,1
7843_SSW_370,SSW,7843,370,0,0
7843_SSW_375,SSW,7843,375,0,1
7843_SSW_380,SSW,7843,380,0,1
7843_SSW_385,SSW,7843,385,0,1
7843_SSW_390,SSW,7843,390,0,1
7843_SSW_395,SSW,7843,395,0,0
7843_SSW_400,SSW,7843,400,0,1
7843_SSW_405,SSW,7843,405,0,0
7843_SSW_410,SSW,7843,410,0,1
7843_SSW_415,SSW,7843,415,0,1
7843_SSW_420,SSW,7843,420,0,0
7843_SSW_425,SSW,7843,425,0,0
7843_SSW_430,SSW,7843,430,0,1
7843_SSW_435,SSW,7843,435,0,1
7843_SSW_440,SSW,7843,440,0,0
7843_SSW_445,SSW,7843,445,0,1
7843_SSW_450,SSW,7843,450,0,1
7843_SSW_455,SSW,7843,455,0,1
7843_SSW_460,SSW,7843,460,0,1
7843_SSW_465,SSW,7843,465,1,1
7843_SSW_470,SSW,7843,470,0,1
7843_SSW_475,SSW,7843,475,0,1
7843_SSW_480,SSW,7843,480,1,1
7843_SSW_485,SSW,7843,485,0,1
7843_SSW_490,SSW,7843,490,0,1
7843_SSW_495,SSW,7843,495,0,1
7843_SSW_500,SSW,7843,500,0,0
7843_SSW_505,SSW,7843,505,0,1
7843_SSW_510,SSW,7843,510,0,1
7843_SSW_515,SSW,7843,515,0,1
7843_SSW_520,SSW,7843,520,0,0
7843_SSW_525,SSW,7843,525,0,1
7843_SSW_530,SSW,7843,530,1,1
7843_SSW_535,SSW,7843,535,1,1
7843_SSW_540,SSW,7843,540,0,0
7843_SSW_545,SSW,7843,545,0,1
7843_SSW_550,SSW,7843,550,0,1
7843_SSW_555,SSW,7843,555,0,1
7843_SSW_560,SSW,7843,560,0,1
7843_SSW_565,SSW,7843,565,0,1
7843_SSW_570,SSW,7843,570,0,1
7843_SSW_575,SSW,7843,575,0,0
7843_SSW_580,SSW,7843,580,0,0
7843_SSW_585,SSW,7843,585,0,1
7843_SSW_590,SSW,7843,590,0,1
7843_SSW_595,SSW,7843,595,0,1
7843_SSW_600,SSW,7843,600,0,1
10534_SSW_5,SSW,10534,5,0,1
10534_SSW_10,SSW,10534,10,1,0
10534_SSW_15,SSW,10534,15,0,1
10534_SSW_20,SSW,10534,20,0,1
10534_SSW_25,SSW,10534,25,1,1
10534_SSW_30,SSW,10534,30,0,1
10534_SSW_35,SSW,10534,35,0,0
10534_SSW_40,SSW,10534,40,0,0
10534_SSW_45,SSW,10534,45,0,1
10534_SSW_50,SSW,10534,50,1,1
10534_SSW_55,SSW,10534,55,1,0
10534_SSW_60,SSW,10534,60,1,1
10534_SSW_65,SSW,10534,65,1,1
10534_SSW_70,SSW,10534,70,0,1
10534_SSW_75,SSW,10534,75,0,0
10534_SSW_80,SSW,10534,80,1,1
10534_SSW_85,SSW,10534,85,1,1
10534_SSW_90,SSW,10534,90,0,1
10534_SSW_95,SSW,10534,95,0,1
10534_SSW_100,SSW,10534,100,0,0
10534_SSW_105,SSW,10534,105,0,1
10534_SSW_110,SSW,10534,110,1,1
10534_SSW_115,SSW,10534,115,0,1
10534_SSW_120,SSW,10534,120,0,1
10534_SSW_125,SSW,10534,125,0,0
10534_SSW_130,SSW,10534,130,1,1
10534_SSW_135,SSW,10534,135,0,1
10534_SSW_140,SSW,10534,140,1,1
10534_SSW_145,SSW,10534,145,1,1
10534_SSW_150,SSW,10534,150,0,1
10534_SSW_155,SSW,10534,155,0,1
10534_SSW_160,SSW,10534,160,1,1
10534_SSW_165,SSW,10534,165,1,1
10534_SSW_170,SSW,10534,170,1,1
10534_SSW_175,SSW,10534,175,0,1
10534_SSW_180,SSW,10534,180,0,0
10534_SSW_185,SSW,10534,185,0,1
10534_SSW_190,SSW,10534,190,0,1
10534_SSW_195,SSW,10534,195,0,1
10534_SSW_200,SSW,10534,200,0,1
10534_SSW_205,SSW,10534,205,1,0
10534_SSW_210,SSW,10534,210,0,1
10534_SSW_215,SSW,10534,215,0,1
10534_SSW_220,SSW,10534,220,0,0
10534_SSW_225,SSW,10534,225,0,1
10534_SSW_230,SSW,10534,230,1,1
10534_SSW_235,SSW,10534,235,1,1
10534_SSW_240,SSW,10534,240,0,1
10534_SSW_245,SSW,10534,245,1,1
10534_SSW_250,SSW,10534,250,0,1
10534_SSW_255,SSW,10534,255,1,0
10534_SSW_260,SSW,10534,260,0,0
10534_SSW_265,SSW,10534,265,0,1
10534_SSW_270,SSW,10534,270,0,1
10534_SSW_275,SSW,10534,275,1,1
10534_SSW_280,SSW,10534,280,0,1
10534_SSW_285,SSW,10534,285,1,1
10534_SSW_290,SSW,10534,290,1,1
10534_SSW_295,SSW,10534,295,1,0
10534_SSW_300,SSW,10534,300,1,0
10534_SSW_305,SSW,10534,305,1,0
10534_SSW_310,SSW,10534,310,1,0
10534_SSW_315,SSW,10534,315,0,1
10534_SSW_320,SSW,10534,320,1,1
10534_SSW_325,SSW,10534,325,1,1
10534_SSW_330,SSW,10534,330,1,1
10534_SSW_335,SSW,10534,335,1,1
10534_SSW_340,SSW,10534,340,1,1
10534_SSW_345,SSW,10534,345,1,0
10534_SSW_350,SSW,10534,350,1,0
10534_SSW_355,SSW,10534,355,1,1
10534_SSW_360,SSW,10534,360,1,1
10534_SSW_365,SSW,10534,365,1,1
10534_SSW_370,SSW,10534,370,1,1
10534_SSW_375,SSW,10534,375,1,0
10534_SSW_380,SSW,10534,380,1,1
10534_SSW_385,SSW,10534,385,1,1
10534_SSW_390,SSW,10534,390,1,1
10534_SSW_395,SSW,10534,395,0,1
10534_SSW_400,SSW,10534,400,0,1
10534_SSW_405,SSW,10534,405,0,1
10534_SSW_410,SSW,10534,410,0,1
10534_SSW_415,SSW,10534,415,1,1
10534_SSW_420,SSW,10534,420,0,1
10534_SSW_425,SSW,10534,425,1,1
10534_SSW_430,SSW,10534,430,0,0
10534_SSW_435,SSW,10534,435,0,1
10534_SSW_440,SSW,10534,440,0,1
10534_SSW_445,SSW,10534,445,1,0
10534_SSW_450,SSW,10534,450,0,0
10534_SSW_455,SSW,10534,455,1,1
10534_SSW_460,SSW,10534,460,1,0
10534_SSW_465,SSW,10534,465,1,1
10534_SSW_470,SSW,10534,470,0,0
10534_SSW_475,SSW,10534,475,0,1
10534_SSW_480,SSW,10534,480,0,0
10534_SSW_485,SSW,10534,485,0,1
10534_SSW_490,SSW,10534,490,1,1
10534_SSW_495,SSW,10534,495,1,0
10534_SSW_500,SSW,10534,500,1,1
10534_SSW_505,SSW,10534,505,0,1
10534_SSW_510,SSW,10534,510,0,1
10534_SSW_515,SSW,10534,515,1,1
10534_SSW_520,SSW,10534,520,0,1
10534_SSW_525,SSW,10534,525,1,1
10534_SSW_530,SSW,10534,530,1,1
10534_SSW_535,SSW,10534,535,0,1
10534_SSW_540,SSW,10534,540,0,1
10534_SSW_545,SSW,10534,545,0,0
10534_SSW_550,SSW,10534,550,1,1
10534_SSW_555,SSW,10534,555,0,0
10534_SSW_560,SSW,10534,560,0,1
10534_SSW_565,SSW,10534,565,0,1
10534_SSW_570,SSW,10534,570,0,1
10534_SSW_575,SSW,10534,575,1,1
10534_SSW_580,SSW,10534,580,0,1
10534_SSW_585,SSW,10534,585,0,0
10534_SSW_590,SSW,10534,590,0,0
10534_SSW_595,SSW,10534,595,0,1
10534_SSW_600,SSW,10534,600,1,0
14473_SSW_5,SSW,14473,5,0,0
14473_SSW_10,SSW,14473,10,0,0
14473_SSW_15,SSW,14473,15,0,1
14473_SSW_20,SSW,14473,20,0,0
14473_SSW_25,SSW,14473,25,0,1
14473_SSW_30,SSW,14473,30,0,1
14473_SSW_35,SSW,14473,35,0,1
14473_SSW_40,SSW,14473,40,0,1
14473_SSW_45,SSW,14473,45,0,1
14473_SSW_50,SSW,14473,50,0,1
14473_SSW_55,SSW,14473,55,0,1
14473_SSW_60,SSW,14473,60,0,0
14473_SSW_65,SSW,14473,65,0,1
14473_SSW_70,SSW,14473,70,0,1
14473_SSW_75,SSW,14473,75,0,1
14473_SSW_80,SSW,14473,80,0,1
14473_SSW_85,SSW,14473,85,0,1
14473_SSW_90,SSW,14473,90,0,1
14473_SSW_95,SSW,14473,95,0,1
14473_SSW_100,SSW,14473,100,0,1
14473_SSW_105,SSW,14473,105,0,1
14473_SSW_110,SSW,14473,110,0,1
14473_SSW_115,SSW,14473,115,0,1
14473_SSW_120,SSW,14473,120,0,1
14473_SSW_125,SSW,14473,125,0,0
14473_SSW_130,SSW,14473,130,0,1
14473_SSW_135,SSW,14473,135,0,1
14473_SSW_140,SSW,14473,140,0,0
14473_SSW_145,SSW,14473,145,0,1
14473_SSW_150,SSW,14473,150,0,1
14473_SSW_155,SSW,14473,155,0,1
14473_SSW_160,SSW,14473,160,0,0
14473_SSW_165,SSW,14473,165,0,1
14473_SSW_170,SSW,14473,170,0,1
14473_SSW_175,SSW,14473,175,0,1
14473_SSW_180,SSW,14473,180,0,1
14473_SSW_185,SSW,14473,185,0,1
14473_SSW_190,SSW,14473,190,0,0
14473_SSW_195,SSW,14473,195,0,1
14473_SSW_200,SSW,14473,200,0,0
14473_SSW_205,SSW,14473,205,0,0
14473_SSW_210,SSW,14473,210,0,1
14473_SSW_215,SSW,14473,215,0,1
14473_SSW_220,SSW,14473,220,0,1
14473_SSW_225,SSW,14473,225,0,1
14473_SSW_230,SSW,14473,230,0,0
14473_SSW_235,SSW,14473,235,0,0
14473_SSW_240,SSW,14473,240,0,1
14473_SSW_245,SSW,14473,245,0,1
14473_SSW_250,SSW,14473,250,0,1
14473_SSW_255,SSW,14473,255,0,1
14473_SSW_260,SSW,14473,260,0,1
14473_SSW_265,SSW,14473,265,0,0
14473_SSW_270,SSW,14473,270,0,1
14473_SSW_275,SSW,14473,275,0,1
14473_SSW_280,SSW,14473,280,0,1
14473_SSW_285,SSW,14473,285,0,0
14473_SSW_290,SSW,14473,290,0,1
14473_SSW_295,SSW,14473,295,0,1
14473_SSW_300,SSW,14473,300,0,1
14473_SSW_305,SSW,14473,305,0,1
14473_SSW_310,SSW,14473,310,0,1
14473_SSW_315,SSW,14473,315,0,1
14473_SSW_320,SSW,14473,320,0,0
14473_SSW_325,SSW,14473,325,0,1
14473_SSW_330,SSW,14473,330,0,1
14473_SSW_335,SSW,14473,335,0,0
14473_SSW_340,SSW,14473,340,0,1
14473_SSW_345,SSW,14473,345,0,1
14473_SSW_350,SSW,14473,350,0,1
14473_SSW_355,SSW,14473,355,0,0
14473_SSW_360,SSW,14473,360,0,1
14473_SSW_365,SSW,14473,365,0,1
14473_SSW_370,SSW,14473,370,0,1
14473_SSW_375,SSW,14473,375,0,1
14473_SSW_380,SSW,14473,380,0,1
14473_SSW_385,SSW,14473,385,0,1
14473_SSW_390,SSW,14473,390,0,1
14473_SSW_395,SSW,14473,395,0,1
14473_SSW_400,SSW,14473,400,0,1
14473_SSW_405,SSW,14473,405,0,1
14473_SSW_410,SSW,14473,410,0,1
14473_SSW_415,SSW,14473,415,0,1
14473_SSW_420,SSW,14473,420,0,1
14473_SSW_425,SSW,14473,425,0,1
14473_SSW_430,SSW,14473,430,0,1
14473_SSW_435,SSW,14473,435,0,1
14473_SSW_440,SSW,14473,440,0,1
14473_SSW_445,SSW,14473,445,0,0
14473_SSW_450,SSW,14473,450,0,1
14473_SSW_455,SSW,14473,455,0,1
14473_SSW_460,SSW,14473,460,0,1
14473_SSW_465,SSW,14473,465,0,1
14473_SSW_470,SSW,14473,470,0,1
14473_SSW_475,SSW,14473,475,0,1
14473_SSW_480,SSW,14473,480,0,1
14473_SSW_485,SSW,14473,485,0,1
14473_SSW_490,SSW,14473,490,0,1
14473_SSW_495,SSW,14473,495,0,1
14473_SSW_500,SSW,14473,500,0,1
14473_SSW_505,SSW,14473,505,0,1
14473_SSW_510,SSW,14473,510,0,1
14473_SSW_515,SSW,14473,515,0,1
14473_SSW_520,SSW,14473,520,0,1
14473_SSW_525,SSW,14473,525,0,1
14473_SSW_530,SSW,14473,530,0,1
14473_SSW_535,SSW,14473,535,0,0
14473_SSW_540,SSW,14473,540,0,1
14473_SSW_545,SSW,14473,545,0,1
14473_SSW_550,SSW,14473,550,0,1
14473_SSW_555,SSW,14473,555,0,1
14473_SSW_560,SSW,14473,560,0,1
14473_SSW_565,SSW,14473,565,1,0
14473_SSW_570,SSW,14473,570,1,1
14473_SSW_575,SSW,14473,575,1,1
14473_SSW_580,SSW,14473,580,1,1
14473_SSW_585,SSW,14473,585,1,1
14473_SSW_590,SSW,14473,590,1,1
14473_SSW_595,SSW,14473,595,1,0
14473_SSW_600,SSW,14473,600,1,1
20152_SSW_5,SSW,20152,5,0,0
20152_SSW_10,SSW,20152,10,0,1
20152_SSW_15,SSW,20152,15,0,1
20152_SSW_20,SSW,20152,20,0,1
20152_SSW_25,SSW,20152,25,0,1
20152_SSW_30,SSW,20152,30,0,0
20152_SSW_35,SSW,20152,35,0,1
20152_SSW_40,SSW,20152,40,0,1
20152_SSW_45,SSW,20152,45,0,1
20152_SSW_50,SSW,20152,50,0,1
20152_SSW_55,SSW,20152,55,0,1
20152_SSW_60,SSW,20152,60,0,1
20152_SSW_65,SSW,20152,65,0,1
20152_SSW_70,SSW,20152,70,0,1
20152_SSW_75,SSW,20152,75,0,1
20152_SSW_80,SSW,20152,80,0,1
20152_SSW_85,SSW,20152,85,0,1
20152_SSW_90,SSW,20152,90,0,1
20152_SSW_95,SSW,20152,95,0,1
20152_SSW_100,SSW,20152,100,0,1
20152_SSW_105,SSW,20152,105,0,0
20152_SSW_110,SSW,20152,110,0,1
20152_SSW_115,SSW,20152,115,0,1
20152_SSW_120,SSW,20152,120,0,1
20152_SSW_125,SSW,20152,125,0,1
20152_SSW_130,SSW,20152,130,0,1
20152_SSW_135,SSW,20152,135,0,1
20152_SSW_140,SSW,20152,140,0,1
20152_SSW_145,SSW,20152,145,0,1
20152_SSW_150,SSW,20152,150,0,1
20152_SSW_155,SSW,20152,155,0,0
20152_SSW_160,SSW,20152,160,0,1
20152_SSW_165,SSW,20152,165,0,1
20152_SSW_170,SSW,20152,170,0,1
20152_SSW_175,SSW,20152,175,0,0
20152_SSW_180,SSW,20152,180,0,1
20152_SSW_185,SSW,20152,185,0,1
20152_SSW_190,SSW,20152,190,0,1
20152_SSW_195,SSW,20152,195,0,1
20152_SSW_200,SSW,20152,200,0,1
20152_SSW_205,SSW,20152,205,0,1
20152_SSW_210,SSW,20152,210,0,1
20152_SSW_215,SSW,20152,215,0,0
20152_SSW_220,SSW,20152,220,0,0
20152_SSW_225,SSW,20152,225,0,0
20152_SSW_230,SSW,20152,230,0,1
20152_SSW_235,SSW,20152,235,0,0
20152_SSW_240,SSW,20152,240,0,0
20152_SSW_245,SSW,20152,245,0,1
20152_SSW_250,SSW,20152,250,0,0
20152_SSW_255,SSW,20152,255,0,1
20152_SSW_260,SSW,20152,260,0,1
20152_SSW_265,SSW,20152,265,0,1
20152_SSW_270,SSW,20152,270,0,1
20152_SSW_275,SSW,20152,275,0,1
20152_SSW_280,SSW,20152,280,0,1
20152_SSW_285,SSW,20152,285,0,0
20152_SSW_290,SSW,20152,290,0,1
20152_SSW_295,SSW,20152,295,0,1
20152_SSW_300,SSW,20152,300,0,1
20152_SSW_305,SSW,20152,305,0,1
20152_SSW_310,SSW,20152,310,0,1
20152_SSW_315,SSW,20152,315,0,1
20152_SSW_320,SSW,20152,320,0,1
20152_SSW_325,SSW,20152,325,0,0
20152_SSW_330,SSW,20152,330,0,1
20152_SSW_335,SSW,20152,335,0,1
20152_SSW_340,SSW,20152,340,0,0
20152_SSW_345,SSW,20152,345,0,0
20152_SSW_350,SSW,20152,350,0,1
20152_SSW_355,SSW,20152,355,0,1
20152_SSW_360,SSW,20152,360,0,1
20152_SSW_365,SSW,20152,365,0,0
20152_SSW_370,SSW,20152,370,0,1
20152_SSW_375,SSW,20152,375,0,0
20152_SSW_380,SSW,20152,380,0,1
20152_SSW_385,SSW,20152,385,0,1
20152_SSW_390,SSW,20152,390,0,1
20152_SSW_395,SSW,20152,395,0,1
20152_SSW_400,SSW,20152,400,0,1
20152_SSW_405,SSW,20152,405,0,1
20152_SSW_410,SSW,20152,410,0,1
20152_SSW_415,SSW,20152,415,0,1
20152_SSW_420,SSW,20152,420,0,1
20152_SSW_425,SSW,20152,425,0,0
20152_SSW_430,SSW,20152,430,0,1
20152_SSW_435,SSW,20152,435,0,1
20152_SSW_440,SSW,20152,440,0,1
20152_SSW_445,SSW,20152,445,0,1
20152_SSW_450,SSW,20152,450,0,1
20152_SSW_455,SSW,20152,455,0,1
20152_SSW_460,SSW,20152,460,1,0
20152_SSW_465,SSW,20152,465,1,1
20152_SSW_470,SSW,20152,470,0,1
20152_SSW_475,SSW,20152,475,0,1
20152_SSW_480,SSW,20152,480,0,1
20152_SSW_485,SSW,20152,485,0,1
20152_SSW_490,SSW,20152,490,0,0
20152_SSW_495,SSW,20152,495,0,0
20152_SSW_500,SSW,20152,500,0,1
20152_SSW_505,SSW,20152,505,0,1
20152_SSW_510,SSW,20152,510,0,1
20152_SSW_515,SSW,20152,515,0,1
20152_SSW_520,SSW,20152,520,0,1
20152_SSW_525,SSW,20152,525,0,1
20152_SSW_530,SSW,20152,530,0,1
20152_SSW_535,SSW,20152,535,0,1
20152_SSW_540,SSW,20152,540,1,1
20152_SSW_545,SSW,20152,545,1,1
20152_SSW_550,SSW,20152,550,0,1
20152_SSW_555,SSW,20152,555,0,1
20152_SSW_560,SSW,20152,560,0,1
20152_SSW_565,SSW,20152,565,0,1
20152_SSW_570,SSW,20152,570,0,1
20152_SSW_575,SSW,20152,575,0,1
20152_SSW_580,SSW,20152,580,0,1
20152_SSW_585,SSW,20152,585,0,1
20152_SSW_590,SSW,20152,590,0,0
20152_SSW_595,SSW,20152,595,0,1
20152_SSW_600,SSW,20152,600,0,0
26709_SSW_5,SSW,26709,5,1,0
26709_SSW_10,SSW,26709,10,0,1
26709_SSW_15,SSW,26709,15,0,1
26709_SSW_20,SSW,26709,20,0,1
26709_SSW_25,SSW,26709,25,0,1
26709_SSW_30,SSW,26709,30,0,1
26709_SSW_35,SSW,26709,35,0,1
26709_SSW_40,SSW,26709,40,0,1
26709_SSW_45,SSW,26709,45,0,1
26709_SSW_50,SSW,26709,50,0,0
26709_SSW_55,SSW,26709,55,0,1
26709_SSW_60,SSW,26709,60,0,1
26709_SSW_65,SSW,26709,65,0,0
26709_SSW_70,SSW,26709,70,0,1
26709_SSW_75,SSW,26709,75,0,1
26709_SSW_80,SSW,26709,80,0,1
26709_SSW_85,SSW,26709,85,0,1
26709_SSW_90,SSW,26709,90,1,1
26709_SSW_95,SSW,26709,95,0,0
26709_SSW_100,SSW,26709,100,0,1
26709_SSW_105,SSW,26709,105,1,1
26709_SSW_110,SSW,26709,110,1,1
26709_SSW_115,SSW,26709,115,0,0
26709_SSW_120,SSW,26709,120,0,1
26709_SSW_125,SSW,26709,125,0,1
26709_SSW_130,SSW,26709,130,0,1
26709_SSW_135,SSW,26709,135,0,1
26709_SSW_140,SSW,26709,140,0,0
26709_SSW_145,SSW,26709,145,0,1
26709_SSW_150,SSW,26709,150,0,1
26709_SSW_155,SSW,26709,155,0,1
26709_SSW_160,SSW,26709,160,0,1
26709_SSW_165,SSW,26709,165,0,1
26709_SSW_170,SSW,26709,170,0,1
26709_SSW_175,SSW,26709,175,0,0
26709_SSW_180,SSW,26709,180,0,0
26709_SSW_185,SSW,26709,185,1,1
26709_SSW_190,SSW,26709,190,0,1
26709_SSW_195,SSW,26709,195,0,0
26709_SSW_200,SSW,26709,200,0,1
26709_SSW_205,SSW,26709,205,0,1
26709_SSW_210,SSW,26709,210,0,0
26709_SSW_215,SSW,26709,215,0,0
26709_SSW_220,SSW,26709,220,0,0
26709_SSW_225,SSW,26709,225,0,0
26709_SSW_230,SSW,26709,230,0,0
26709_SSW_235,SSW,26709,235,1,1
26709_SSW_240,SSW,26709,240,1,1
26709_SSW_245,SSW,26709,245,1,1
26709_SSW_250,SSW,26709,250,1,1
26709_SSW_255,SSW,26709,255,1,1
26709_SSW_260,SSW,26709,260,1,1
26709_SSW_265,SSW,26709,265,1,0
26709_SSW_270,SSW,26709,270,1,1
26709_SSW_275,SSW,26709,275,1,1
26709_SSW_280,SSW,26709,280,1,0
26709_SSW_285,SSW,26709,285,1,1
26709_SSW_290,SSW,26709,290,1,0
26709_SSW_295,SSW,26709,295,1,0
26709_SSW_300,SSW,26709,300,1,0
26709_SSW_305,SSW,26709,305,1,0
26709_SSW_310,SSW,26709,310,0,0
26709_SSW_315,SSW,26709,315,0,1
26709_SSW_320,SSW,26709,320,0,1
26709_SSW_325,SSW,26709,325,0,0
26709_SSW_330,SSW,26709,330,0,0
26709_SSW_335,SSW,26709,335,0,1
26709_SSW_340,SSW,26709,340,0,0
26709_SSW_345,SSW,26709,345,1,1
26709_SSW_350,SSW,26709,350,1,1
26709_SSW_355,SSW,26709,355,1,1
26709_SSW_360,SSW,26709,360,1,1
26709_SSW_365,SSW,26709,365,1,0
26709_SSW_370,SSW,26709,370,1,1
26709_SSW_375,SSW,26709,375,1,1
26709_SSW_380,SSW,26709,380,1,0
26709_SSW_385,SSW,26709,385,0,1
26709_SSW_390,SSW,26709,390,1,1
26709_SSW_395,SSW,26709,395,1,0
26709_SSW_400,SSW,26709,400,0,1
26709_SSW_405,SSW,26709,405,1,1
26709_SSW_410,SSW,26709,410,1,1
26709_SSW_415,SSW,26709,415,1,1
26709_SSW_420,SSW,26709,420,0,1
26709_SSW_425,SSW,26709,425,1,0
26709_SSW_430,SSW,26709,430,0,1
26709_SSW_435,SSW,26709,435,0,0
26709_SSW_440,SSW,26709,440,1,1
26709_SSW_445,SSW,26709,445,1,1
26709_SSW_450,SSW,26709,450,1,0
26709_SSW_455,SSW,26709,455,1,1
26709_SSW_460,SSW,26709,460,1,1
26709_SSW_465,SSW,26709,465,1,0
26709_SSW_470,SSW,26709,470,0,1
26709_SSW_475,SSW,26709,475,1,1
26709_SSW_480,SSW,26709,480,1,1
26709_SSW_485,SSW,26709,485,1,1
26709_SSW_490,SSW,26709,490,0,1
26709_SSW_495,SSW,26709,495,1,1
26709_SSW_500,SSW,26709,500,1,0
26709_SSW_505,SSW,26709,505,1,1
26709_SSW_510,SSW,26709,510,1,1
26709_SSW_515,SSW,26709,515,1,1
26709_SSW_520,SSW,26709,520,1,0
26709_SSW_525,SSW,26709,525,1,1
26709_SSW_530,SSW,26709,530,1,1
26709_SSW_535,SSW,26709,535,0,1
26709_SSW_540,SSW,26709,540,0,1
26709_SSW_545,SSW,26709,545,1,0
26709_SSW_550,SSW,26709,550,0,1
26709_SSW_555,SSW,26709,555,1,1
26709_SSW_560,SSW,26709,560,1,0
26709_SSW_565,SSW,26709,565,1,1
26709_SSW_570,SSW,26709,570,0,1
26709_SSW_575,SSW,26709,575,1,1
26709_SSW_580,SSW,26709,580,0,1
26709_SSW_585,SSW,26709,585,1,0
26709_SSW_590,SSW,26709,590,0,1
26709_SSW_595,SSW,26709,595,1,0
26709_SSW_600,SSW,26709,600,0,1
28933_SSW_5,SSW,28933,5,1,1
28933_SSW_10,SSW,28933,10,1,1
28933_SSW_15,SSW,28933,15,1,1
28933_SSW_20,SSW,28933,20,1,1
28933_SSW_25,SSW,28933,25,1,0
28933_SSW_30,SSW,28933,30,1,1
28933_SSW_35,SSW,28933,35,1,1
28933_SSW_40,SSW,28933,40,1,0
28933_SSW_45,SSW,28933,45,1,1
28933_SSW_50,SSW,28933,50,1,1
28933_SSW_55,SSW,28933,55,1,1
28933_SSW_60,SSW,28933,60,1,1
28933_SSW_65,SSW,28933,65,1,1
28933_SSW_70,SSW,28933,70,1,1
28933_SSW_75,SSW,28933,75,1,1
28933_SSW_80,SSW,28933,80,1,1
28933_SSW_85,SSW,28933,85,1,0
28933_SSW_90,SSW,28933,90,1,1
28933_SSW_95,SSW,28933,95,1,0
28933_SSW_100,SSW,28933,100,1,0
28933_SSW_105,SSW,28933,105,1,0
28933_SSW_110,SSW,28933,110,1,1
28933_SSW_115,SSW,28933,115,1,1
28933_SSW_120,SSW,28933,120,1,1
28933_SSW_125,SSW,28933,125,1,1
28933_SSW_130,SSW,28933,130,1,1
28933_SSW_135,SSW,28933,135,1,0
28933_SSW_140,SSW,28933,140,1,0
28933_SSW_145,SSW,28933,145,1,1
28933_SSW_150,SSW,28933,150,1,1
28933_SSW_155,SSW,28933,155,1,1
28933_SSW_160,SSW,28933,160,1,1
28933_SSW_165,SSW,28933,165,1,0
28933_SSW_170,SSW,28933,170,1,1
28933_SSW_175,SSW,28933,175,1,1
28933_SSW_180,SSW,28933,180,1,1
28933_SSW_185,SSW,28933,185,1,1
28933_SSW_190,SSW,28933,190,1,1
28933_SSW_195,SSW,28933,195,1,0
28933_SSW_200,SSW,28933,200,1,1
28933_SSW_205,SSW,28933,205,1,1
28933_SSW_210,SSW,28933,210,1,1
28933_SSW_215,SSW,28933,215,1,1
28933_SSW_220,SSW,28933,220,1,0
28933_SSW_225,SSW,28933,225,1,1
28933_SSW_230,SSW,28933,230,1,0
28933_SSW_235,SSW,28933,235,1,1
28933_SSW_240,SSW,28933,240,1,1
28933_SSW_245,SSW,28933,245,0,1
28933_SSW_250,SSW,28933,250,1,1
28933_SSW_255,SSW,28933,255,1,1
28933_SSW_260,SSW,28933,260,1,0
28933_SSW_265,SSW,28933,265,1,1
28933_SSW_270,SSW,28933,270,1,1
28933_SSW_275,SSW,28933,275,1,1
28933_SSW_280,SSW,28933,280,1,1
28933_SSW_285,SSW,28933,285,1,1
28933_SSW_290,SSW,28933,290,1,1
28933_SSW_295,SSW,28933,295,1,1
28933_SSW_300,SSW,28933,300,1,0
28933_SSW_305,SSW,28933,305,1,1
28933_SSW_310,SSW,28933,310,1,1
28933_SSW_315,SSW,28933,315,1,0
28933_SSW_320,SSW,28933,320,1,1
28933_SSW_325,SSW,28933,325,1,1
28933_SSW_330,SSW,28933,330,1,1
28933_SSW_335,SSW,28933,335,0,1
28933_SSW_340,SSW,28933,340,0,1
28933_SSW_345,SSW,28933,345,1,1
28933_SSW_350,SSW,28933,350,1,0
28933_SSW_355,SSW,28933,355,1,1
28933_SSW_360,SSW,28933,360,1,0
28933_SSW_365,SSW,28933,365,1,1
28933_SSW_370,SSW,28933,370,1,0
28933_SSW_375,SSW,28933,375,1,1
28933_SSW_380,SSW,28933,380,1,1
28933_SSW_385,SSW,28933,385,1,1
28933_SSW_390,SSW,28933,390,1,1
28933_SSW_395,SSW,28933,395,1,1
28933_SSW_400,SSW,28933,400,1,1
28933_SSW_405,SSW,28933,405,1,1
28933_SSW_410,SSW,28933,410,1,0
28933_SSW_415,SSW,28933,415,1,1
28933_SSW_420,SSW,28933,420,1,0
28933_SSW_425,SSW,28933,425,1,1
28933_SSW_430,SSW,28933,430,1,1
28933_SSW_435,SSW,28933,435,1,1
28933_SSW_440,SSW,28933,440,0,1
28933_SSW_445,SSW,28933,445,1,1
28933_SSW_450,SSW,28933,450,1,0
28933_SSW_455,SSW,28933,455,1,0
28933_SSW_460,SSW,28933,460,0,1
28933_SSW_465,SSW,28933,465,1,0
28933_SSW_470,SSW,28933,470,1,1
28933_SSW_475,SSW,28933,475,0,1
28933_SSW_480,SSW,28933,480,0,1
28933_SSW_485,SSW,28933,485,0,1
28933_SSW_490,SSW,28933,490,1,1
28933_SSW_495,SSW,28933,495,0,0
28933_SSW_500,SSW,28933,500,0,1
28933_SSW_505,SSW,28933,505,0,1
28933_SSW_510,SSW,28933,510,0,1
28933_SSW_515,SSW,28933,515,0,0
28933_SSW_520,SSW,28933,520,1,1
28933_SSW_525,SSW,28933,525,1,1
28933_SSW_530,SSW,28933,530,0,1
28933_SSW_535,SSW,28933,535,1,1
28933_SSW_540,SSW,28933,540,1,1
28933_SSW_545,SSW,28933,545,1,0
28933_SSW_550,SSW,28933,550,1,1
28933_SSW_555,SSW,28933,555,1,1
28933_SSW_560,SSW,28933,560,1,1
28933_SSW_565,SSW,28933,565,1,1
28933_SSW_570,SSW,28933,570,1,1
28933_SSW_575,SSW,28933,575,0,1
28933_SSW_580,SSW,28933,580,1,1
28933_SSW_585,SSW,28933,585,0,1
28933_SSW_590,SSW,28933,590,0,1
28933_SSW_595,SSW,28933,595,0,1
28933_SSW_600,SSW,28933,600,1,0
42907_SSW_5,SSW,42907,5,1,1
42907_SSW_10,SSW,42907,10,1,1
42907_SSW_15,SSW,42907,15,1,1
42907_SSW_20,SSW,42907,20,1,0
42907_SSW_25,SSW,42907,25,1,1
42907_SSW_30,SSW,42907,30,1,1
42907_SSW_35,SSW,42907,35,1,1
42907_SSW_40,SSW,42907,40,1,1
42907_SSW_45,SSW,42907,45,1,1
42907_SSW_50,SSW,42907,50,1,1
42907_SSW_55,SSW,42907,55,1,1
42907_SSW_60,SSW,42907,60,1,0
42907_SSW_65,SSW,42907,65,1,1
42907_SSW_70,SSW,42907,70,1,0
42907_SSW_75,SSW,42907,75,1,1
42907_SSW_80,SSW,42907,80,1,1
42907_SSW_85,SSW,42907,85,1,1
42907_SSW_90,SSW,42907,90,1,0
42907_SSW_95,SSW,42907,95,1,1
42907_SSW_100,SSW,42907,100,1,0
42907_SSW_105,SSW,42907,105,1,1
42907_SSW_110,SSW,42907,110,1,0
42907_SSW_115,SSW,42907,115,1,1
42907_SSW_120,SSW,42907,120,1,1
42907_SSW_125,SSW,42907,125,1,1
42907_SSW_130,SSW,42907,130,1,1
42907_SSW_135,SSW,42907,135,1,1
42907_SSW_140,SSW,42907,140,0,0
42907_SSW_145,SSW,42907,145,0,1
42907_SSW_150,SSW,42907,150,0,1
42907_SSW_155,SSW,42907,155,1,1
42907_SSW_160,SSW,42907,160,1,0
42907_SSW_165,SSW,42907,165,0,1
42907_SSW_170,SSW,42907,170,1,1
42907_SSW_175,SSW,42907,175,1,1
42907_SSW_180,SSW,42907,180,0,1
42907_SSW_185,SSW,42907,185,1,0
42907_SSW_190,SSW,42907,190,0,1
42907_SSW_195,SSW,42907,195,1,1
42907_SSW_200,SSW,42907,200,1,1
42907_SSW_205,SSW,42907,205,0,1
42907_SSW_210,SSW,42907,210,0,1
42907_SSW_215,SSW,42907,215,0,1
42907_SSW_220,SSW,42907,220,0,1
42907_SSW_225,SSW,42907,225,1,1
42907_SSW_230,SSW,42907,230,1,1
42907_SSW_235,SSW,42907,235,0,0
42907_SSW_240,SSW,42907,240,1,1
42907_SSW_245,SSW,42907,245,0,1
42907_SSW_250,SSW,42907,250,0,1
42907_SSW_255,SSW,42907,255,0,1
42907_SSW_260,SSW,42907,260,0,1
42907_SSW_265,SSW,42907,265,0,0
42907_SSW_270,SSW,42907,270,0,1
42907_SSW_275,SSW,42907,275,0,1
42907_SSW_280,SSW,42907,280,0,1
42907_SSW_285,SSW,42907,285,0,1
42907_SSW_290,SSW,42907,290,0,0
42907_SSW_295,SSW,42907,295,0,1
42907_SSW_300,SSW,42907,300,0,1
42907_SSW_305,SSW,42907,305,0,1
42907_SSW_310,SSW,42907,310,0,1
42907_SSW_315,SSW,42907,315,0,0
42907_SSW_320,SSW,42907,320,0,1
42907_SSW_325,SSW,42907,325,0,1
42907_SSW_330,SSW,42907,330,0,1
42907_SSW_335,SSW,42907,335,0,1
42907_SSW_340,SSW,42907,340,0,1
42907_SSW_345,SSW,42907,345,0,1
42907_SSW_350,SSW,42907,350,0,1
42907_SSW_355,SSW,42907,355,0,1
42907_SSW_360,SSW,42907,360,0,0
42907_SSW_365,SSW,42907,365,0,0
42907_SSW_370,SSW,42907,370,0,1
42907_SSW_375,SSW,42907,375,0,1
42907_SSW_380,SSW,42907,380,0,1
42907_SSW_385,SSW,42907,385,0,1
42907_SSW_390,SSW,42907,390,0,0
42907_SSW_395,SSW,42907,395,0,1
42907_SSW_400,SSW,42907,400,0,1
42907_SSW_405,SSW,42907,405,0,1
42907_SSW_410,SSW,42907,410,0,0
42907_SSW_415,SSW,42907,415,0,1
42907_SSW_420,SSW,42907,420,0,0
42907_SSW_425,SSW,42907,425,0,1
42907_SSW_430,SSW,42907,430,0,1
42907_SSW_435,SSW,42907,435,0,1
42907_SSW_440,SSW,42907,440,0,1
42907_SSW_445,SSW,42907,445,0,1
42907_SSW_450,SSW,42907,450,0,1
42907_SSW_455,SSW,42907,455,0,0
42907_SSW_460,SSW,42907,460,0,1
42907_SSW_465,SSW,42907,465,1,1
42907_SSW_470,SSW,42907,470,0,0
42907_SSW_475,SSW,42907,475,0,1
42907_SSW_480,SSW,42907,480,0,1
42907_SSW_485,SSW,42907,485,1,1
42907_SSW_490,SSW,42907,490,0,1
42907_SSW_495,SSW,42907,495,0,1
42907_SSW_500,SSW,42907,500,0,1
42907_SSW_505,SSW,42907,505,0,1
42907_SSW_510,SSW,42907,510,0,1
42907_SSW_515,SSW,42907,515,0,1
42907_SSW_520,SSW,42907,520,0,1
42907_SSW_525,SSW,42907,525,0,1
42907_SSW_530,SSW,42907,530,0,1
42907_SSW_535,SSW,42907,535,0,1
42907_SSW_540,SSW,42907,540,1,1
42907_SSW_545,SSW,42907,545,1,1
42907_SSW_550,SSW,42907,550,1,1
42907_SSW_555,SSW,42907,555,0,1
42907_SSW_560,SSW,42907,560,1,1
42907_SSW_565,SSW,42907,565,0,1
42907_SSW_570,SSW,42907,570,0,1
42907_SSW_575,SSW,42907,575,0,1
42907_SSW_580,SSW,42907,580,1,1
42907_SSW_585,SSW,42907,585,1,1
42907_SSW_590,SSW,42907,590,0,0
42907_SSW_595,SSW,42907,595,0,1
42907_SSW_600,SSW,42907,600,0,0
51010_SSW_5,SSW,51010,5,1,1
51010_SSW_10,SSW,51010,10,1,1
51010_SSW_15,SSW,51010,15,1,1
51010_SSW_20,SSW,51010,20,1,1
51010_SSW_25,SSW,51010,25,1,0
51010_SSW_30,SSW,51010,30,0,1
51010_SSW_35,SSW,51010,35,1,1
51010_SSW_40,SSW,51010,40,0,1
51010_SSW_45,SSW,51010,45,1,0
51010_SSW_50,SSW,51010,50,1,1
51010_SSW_55,SSW,51010,55,0,1
51010_SSW_60,SSW,51010,60,1,1
51010_SSW_65,SSW,51010,65,1,0
51010_SSW_70,SSW,51010,70,1,1
51010_SSW_75,SSW,51010,75,1,1
51010_SSW_80,SSW,51010,80,1,1
51010_SSW_85,SSW,51010,85,1,0
51010_SSW_90,SSW,51010,90,0,1
51010_SSW_95,SSW,51010,95,0,1
51010_SSW_100,SSW,51010,100,1,1
51010_SSW_105,SSW,51010,105,1,1
51010_SSW_110,SSW,51010,110,0,1
51010_SSW_115,SSW,51010,115,1,0
51010_SSW_120,SSW,51010,120,1,1
51010_SSW_125,SSW,51010,125,1,1
51010_SSW_130,SSW,51010,130,1,0
51010_SSW_135,SSW,51010,135,1,1
51010_SSW_140,SSW,51010,140,1,1
51010_SSW_145,SSW,51010,145,0,1
51010_SSW_150,SSW,51010,150,1,1
51010_SSW_155,SSW,51010,155,1,1
51010_SSW_160,SSW,51010,160,1,1
51010_SSW_165,SSW,51010,165,1,0
51010_SSW_170,SSW,51010,170,1,1
51010_SSW_175,SSW,51010,175,1,0
51010_SSW_180,SSW,51010,180,0,0
51010_SSW_185,SSW,51010,185,0,1
51010_SSW_190,SSW,51010,190,1,1
51010_SSW_195,SSW,51010,195,0,1
51010_SSW_200,SSW,51010,200,0,1
51010_SSW_205,SSW,51010,205,1,1
51010_SSW_210,SSW,51010,210,0,0
51010_SSW_215,SSW,51010,215,0,0
51010_SSW_220,SSW,51010,220,1,0
51010_SSW_225,SSW,51010,225,0,1
51010_SSW_230,SSW,51010,230,0,1
51010_SSW_235,SSW,51010,235,0,0
51010_SSW_240,SSW,51010,240,0,1
51010_SSW_245,SSW,51010,245,1,1
51010_SSW_250,SSW,51010,250,0,1
51010_SSW_255,SSW,51010,255,0,1
51010_SSW_260,SSW,51010,260,0,1
51010_SSW_265,SSW,51010,265,1,1
51010_SSW_270,SSW,51010,270,0,0
51010_SSW_275,SSW,51010,275,1,1
51010_SSW_280,SSW,51010,280,1,0
51010_SSW_285,SSW,51010,285,1,1
51010_SSW_290,SSW,51010,290,1,1
51010_SSW_295,SSW,51010,295,1,0
51010_SSW_300,SSW,51010,300,1,1
51010_SSW_305,SSW,51010,305,1,0
51010_SSW_310,SSW,51010,310,1,1
51010_SSW_315,SSW,51010,315,0,1
51010_SSW_320,SSW,51010,320,1,1
51010_SSW_325,SSW,51010,325,1,0
51010_SSW_330,SSW,51010,330,1,0
51010_SSW_335,SSW,51010,335,1,1
51010_SSW_340,SSW,51010,340,1,0
51010_SSW_345,SSW,51010,345,1,1
51010_SSW_350,SSW,51010,350,1,1
51010_SSW_355,SSW,51010,355,1,1
51010_SSW_360,SSW,51010,360,1,0
51010_SSW_365,SSW,51010,365,1,0
51010_SSW_370,SSW,51010,370,1,1
51010_SSW_375,SSW,51010,375,1,1
51010_SSW_380,SSW,51010,380,1,1
51010_SSW_385,SSW,51010,385,1,1
51010_SSW_390,SSW,51010,390,1,0
51010_SSW_395,SSW,51010,395,1,1
51010_SSW_400,SSW,51010,400,1,1
51010_SSW_405,SSW,51010,405,1,0
51010_SSW_410,SSW,51010,410,1,1
51010_SSW_415,SSW,51010,415,1,0
51010_SSW_420,SSW,51010,420,1,0
51010_SSW_425,SSW,51010,425,1,1
51010_SSW_430,SSW,51010,430,1,0
51010_SSW_435,SSW,51010,435,1,1
51010_SSW_440,SSW,51010,440,1,1
51010_SSW_445,SSW,51010,445,1,1
51010_SSW_450,SSW,51010,450,1,1
51010_SSW_455,SSW,51010,455,1,1
51010_SSW_460,SSW,51010,460,1,0
51010_SSW_465,SSW,51010,465,1,1
51010_SSW_470,SSW,51010,470,0,1
51010_SSW_475,SSW,51010,475,0,1
51010_SSW_480,SSW,51010,480,0,1
51010_SSW_485,SSW,51010,485,0,1
51010_SSW_490,SSW,51010,490,0,1
51010_SSW_495,SSW,51010,495,1,1
51010_SSW_500,SSW,51010,500,1,1
51010_SSW_505,SSW,51010,505,1,0
51010_SSW_510,SSW,51010,510,1,1
51010_SSW_515,SSW,51010,515,1,0
51010_SSW_520,SSW,51010,520,1,1
51010_SSW_525,SSW,51010,525,1,0
51010_SSW_530,SSW,51010,530,1,1
51010_SSW_535,SSW,51010,535,1,1
51010_SSW_540,SSW,51010,540,1,1
51010_SSW_545,SSW,51010,545,1,1
51010_SSW_550,SSW,51010,550,1,0
51010_SSW_555,SSW,51010,555,1,0
51010_SSW_560,SSW,51010,560,1,1
51010_SSW_565,SSW,51010,565,1,0
51010_SSW_570,SSW,51010,570,1,1
51010_SSW_575,SSW,51010,575,1,1
51010_SSW_580,SSW,51010,580,1,1
51010_SSW_585,SSW,51010,585,1,1
51010_SSW_590,SSW,51010,590,0,1
51010_SSW_595,SSW,51010,595,1,1
51010_SSW_600,SSW,51010,600,1,1
54955_SSW_5,SSW,54955,5,0,1
54955_SSW_10,SSW,54955,10,0,1
54955_SSW_15,SSW,54955,15,0,1
54955_SSW_20,SSW,54955,20,0,1
54955_SSW_25,SSW,54955,25,0,1
54955_SSW_30,SSW,54955,30,0,0
54955_SSW_35,SSW,54955,35,0,1
54955_SSW_40,SSW,54955,40,0,1
54955_SSW_45,SSW,54955,45,0,1
54955_SSW_50,SSW,54955,50,0,1
54955_SSW_55,SSW,54955,55,0,0
54955_SSW_60,SSW,54955,60,0,1
54955_SSW_65,SSW,54955,65,0,1
54955_SSW_70,SSW,54955,70,0,0
54955_SSW_75,SSW,54955,75,0,1
54955_SSW_80,SSW,54955,80,0,1
54955_SSW_85,SSW,54955,85,0,1
54955_SSW_90,SSW,54955,90,0,0
54955_SSW_95,SSW,54955,95,0,1
54955_SSW_100,SSW,54955,100,0,1
54955_SSW_105,SSW,54955,105,0,1
54955_SSW_110,SSW,54955,110,0,1
54955_SSW_115,SSW,54955,115,0,1
54955_SSW_120,SSW,54955,120,0,0
54955_SSW_125,SSW,54955,125,0,1
54955_SSW_130,SSW,54955,130,0,1
54955_SSW_135,SSW,54955,135,0,1
54955_SSW_140,SSW,54955,140,0,0
54955_SSW_145,SSW,54955,145,0,1
54955_SSW_150,SSW,54955,150,0,1
54955_SSW_155,SSW,54955,155,0,0
54955_SSW_160,SSW,54955,160,0,0
54955_SSW_165,SSW,54955,165,0,1
54955_SSW_170,SSW,54955,170,0,1
54955_SSW_175,SSW,54955,175,0,1
54955_SSW_180,SSW,54955,180,0,1
54955_SSW_185,SSW,54955,185,0,1
54955_SSW_190,SSW,54955,190,0,0
54955_SSW_195,SSW,54955,195,0,1
54955_SSW_200,SSW,54955,200,0,0
54955_SSW_205,SSW,54955,205,0,1
54955_SSW_210,SSW,54955,210,0,1
54955_SSW_215,SSW,54955,215,0,0
54955_SSW_220,SSW,54955,220,0,0
54955_SSW_225,SSW,54955,225,0,1
54955_SSW_230,SSW,54955,230,0,1
54955_SSW_235,SSW,54955,235,0,0
54955_SSW_240,SSW,54955,240,0,1
54955_SSW_245,SSW,54955,245,0,1
54955_SSW_250,SSW,54955,250,0,1
54955_SSW_255,SSW,54955,255,0,0
54955_SSW_260,SSW,54955,260,0,0
54955_SSW_265,SSW,54955,265,0,1
54955_SSW_270,SSW,54955,270,0,1
54955_SSW_275,SSW,54955,275,0,1
54955_SSW_280,SSW,54955,280,0,1
54955_SSW_285,SSW,54955,285,0,1
54955_SSW_290,SSW,54955,290,0,1
54955_SSW_295,SSW,54955,295,0,1
54955_SSW_300,SSW,54955,300,0,1
54955_SSW_305,SSW,54955,305,0,0
54955_SSW_310,SSW,54955,310,1,1
54955_SSW_315,SSW,54955,315,0,1
54955_SSW_320,SSW,54955,320,1,1
54955_SSW_325,SSW,54955,325,0,1
54955_SSW_330,SSW,54955,330,1,1
54955_SSW_335,SSW,54955,335,1,1
54955_SSW_340,SSW,54955,340,0,1
54955_SSW_345,SSW,54955,345,0,1
54955_SSW_350,SSW,54955,350,0,0
54955_SSW_355,SSW,54955,355,0,1
54955_SSW_360,SSW,54955,360,0,1
54955_SSW_365,SSW,54955,365,0,0
54955_SSW_370,SSW,54955,370,0,0
54955_SSW_375,SSW,54955,375,0,0
54955_SSW_380,SSW,54955,380,0,1
54955_SSW_385,SSW,54955,385,0,1
54955_SSW_390,SSW,54955,390,0,0
54955_SSW_395,SSW,54955,395,1,1
54955_SSW_400,SSW,54955,400,0,1
54955_SSW_405,SSW,54955,405,0,1
54955_SSW_410,SSW,54955,410,0,1
54955_SSW_415,SSW,54955,415,0,1
54955_SSW_420,SSW,54955,420,0,1
54955_SSW_425,SSW,54955,425,0,0
54955_SSW_430,SSW,54955,430,0,1
54955_SSW_435,SSW,54955,435,0,1
54955_SSW_440,SSW,54955,440,0,1
54955_SSW_445,SSW,54955,445,0,1
54955_SSW_450,SSW,54955,450,0,0
54955_SSW_455,SSW,54955,455,0,1
54955_SSW_460,SSW,54955,460,1,0
54955_SSW_465,SSW,54955,465,0,1
54955_SSW_470,SSW,54955,470,0,1
54955_SSW_475,SSW,54955,475,0,1
54955_SSW_480,SSW,54955,480,1,1
54955_SSW_485,SSW,54955,485,0,1
54955_SSW_490,SSW,54955,490,0,1
54955_SSW_495,SSW,54955,495,1,0
54955_SSW_500,SSW,54955,500,1,0
54955_SSW_505,SSW,54955,505,0,1
54955_SSW_510,SSW,54955,510,1,1
54955_SSW_515,SSW,54955,515,0,1
54955_SSW_520,SSW,54955,520,1,0
54955_SSW_525,SSW,54955,525,1,1
54955_SSW_530,SSW,54955,530,0,1
54955_SSW_535,SSW,54955,535,1,0
54955_SSW_540,SSW,54955,540,0,1
54955_SSW_545,SSW,54955,545,1,1
54955_SSW_550,SSW,54955,550,0,1
54955_SSW_555,SSW,54955,555,1,1
54955_SSW_560,SSW,54955,560,1,1
54955_SSW_565,SSW,54955,565,0,1
54955_SSW_570,SSW,54955,570,1,1
54955_SSW_575,SSW,54955,575,1,1
54955_SSW_580,SSW,54955,580,0,1
54955_SSW_585,SSW,54955,585,1,1
54955_SSW_590,SSW,54955,590,1,0
54955_SSW_595,SSW,54955,595,0,1
54955_SSW_600,SSW,54955,600,0,1
